,Unnamed: 0,PLAYER_ID,PLAYER_NAME,TEAM_ID,TEAM_ABBREVIATION,AGE,lessthan5ft_FGM,lessthan5ft_FGA,lessthan5ft_FG_PCT,5_9ft_FGM,5_9ft_FGA,5_9ft_FG_PCT,10_14ft_FGM,10_14ft_FGA,10_14ft_FG_PCT,15_19ft_FGM,15_19ft_FGA,15_19ft_FG_PCT,20_24ft_FGM,20_24ft_FGA,20_24ft_FG_PCT,25_29ft_FGM,25_29ft_FGA,25_29ft_FG_PCT,30_34ft_FGM,30_34ft_FGA,30_34ft_FG_PCT,35_39ft_FGM,35_39ft_FGA,35_39ft_FG_PCT,40aboveft_FGM,40aboveft_FGA,40aboveft_FG_PCT,SEASON
0,0,2062,A.J. Guyton,1610612744,GSW,25.0,0.0,0.5,0.0,0.0,0.0,0.0,0.0,0.0,0.0,0.0,1.0,0.0,0.0,1.0,0.0,,,,,,,,,,0.0,1.0,0.0,2002
1,1,243,Aaron McKie,1610612755,PHI,30.0,1.6,2.7,0.571,0.3,0.8,0.35,0.3,1.1,0.3,0.8,1.9,0.4,0.6,1.4,0.412,0.1,0.4,0.207,0.0,0.0,0.0,0.0,0.1,0.0,0.0,0.2,0.0,2002
2,2,1425,Aaron Williams,1610612751,NJN,31.0,1.5,2.8,0.526,0.5,1.3,0.402,0.2,0.6,0.362,0.2,0.7,0.351,0.0,0.0,0.0,0.0,0.0,0.0,0.0,0.0,0.0,,,,0.0,0.0,0.0,2002
3,3,2492,Adam Harrington,1610612743,DEN,22.0,0.1,0.4,0.25,0.0,0.2,0.0,0.0,0.0,0.0,0.2,0.5,0.5,0.3,0.9,0.267,0.3,0.9,0.333,,,,,,,0.0,0.0,0.0,2002
4,4,1502,Adonal Foyle,1610612744,GSW,28.0,1.5,2.6,0.588,0.4,1.0,0.449,0.2,0.4,0.543,0.1,0.2,0.316,0.0,0.0,1.0,0.0,0.0,0.0,0.0,0.0,0.0,0.0,0.0,0.0,0.0,0.0,0.0,2002
5,5,1559,Adrian Griffin,1610612742,DAL,28.0,0.6,1.0,0.547,0.3,0.7,0.462,0.2,0.5,0.289,0.7,1.5,0.481,0.2,0.8,0.3,0.0,0.1,0.0,0.0,0.0,0.0,0.0,0.0,0.0,0.0,0.1,0.0,2002
6,6,1733,Al Harrington,1610612754,IND,23.0,2.0,3.8,0.519,0.3,1.0,0.278,1.0,2.5,0.392,1.2,2.7,0.448,0.3,0.7,0.382,0.1,0.2,0.278,0.0,0.0,0.0,0.0,0.4,0.0,0.0,0.2,0.0,2002
7,7,673,Alan Henderson,1610612737,ATL,30.0,1.2,1.9,0.642,0.2,0.8,0.261,0.2,0.6,0.326,0.2,0.6,0.367,0.0,0.0,0.0,0.0,0.0,0.0,0.0,0.0,0.0,0.0,0.0,0.0,0.0,0.0,0.0,2002
8,8,275,Allan Houston,1610612752,NYK,32.0,0.5,1.3,0.373,0.7,1.3,0.509,1.5,3.0,0.49,2.3,5.1,0.448,2.3,5.1,0.451,0.7,1.9,0.367,0.0,0.0,0.0,0.0,0.0,0.0,0.0,0.2,0.0,2002
9,9,947,Allen Iverson,1610612755,PHI,28.0,3.7,7.0,0.536,0.5,1.5,0.347,0.9,2.8,0.33,2.7,6.8,0.401,1.3,3.3,0.39,0.6,2.3,0.273,0.0,0.2,0.0,0.1,0.1,1.0,0.0,0.2,0.2,2002
10,10,2228,Alton Ford,1610612756,PHX,22.0,0.1,0.2,0.5,0.0,0.2,0.0,0.5,0.8,0.667,0.0,0.2,0.0,0.0,0.1,0.0,0.0,0.0,0.0,,,,,,,,,,2002
11,11,1541,Alvin Williams,1610612761,TOR,28.0,1.0,1.9,0.53,0.5,1.2,0.381,0.6,1.3,0.476,1.4,3.3,0.408,1.3,2.8,0.468,0.3,1.0,0.297,0.0,0.2,0.0,0.0,0.0,0.0,0.0,0.1,0.0,2002
12,12,1043,Amal McCaskill,1610612737,ATL,29.0,0.4,1.5,0.25,0.0,0.1,0.0,0.0,0.0,0.0,0.0,0.0,0.0,0.0,0.0,0.0,0.0,0.0,0.0,,,,,,,0.0,0.0,0.0,2002
13,13,2405,Amar'e Stoudemire,1610612756,PHX,20.0,3.6,6.3,0.573,0.9,2.5,0.335,0.2,0.7,0.23,0.1,0.3,0.286,0.0,0.1,0.167,0.0,0.0,0.0,0.1,0.1,1.0,0.0,0.0,0.0,0.0,0.2,0.0,2002
14,14,1889,Andre Miller,1610612746,LAC,27.0,1.7,3.3,0.513,0.9,2.1,0.419,0.9,2.3,0.376,0.9,2.2,0.389,0.2,0.7,0.271,0.2,0.7,0.276,0.0,0.4,0.0,0.0,0.3,0.0,0.0,0.5,0.0,2002
15,15,1905,Andrei Kirilenko,1610612762,UTA,22.0,2.7,4.0,0.677,0.0,0.3,0.095,0.1,0.5,0.216,0.4,1.3,0.311,0.5,1.5,0.331,0.2,0.4,0.438,0.0,0.0,0.0,0.0,0.0,0.0,0.0,0.1,0.0,2002
16,16,692,Andrew DeClercq,1610612753,ORL,30.0,1.7,2.9,0.586,0.2,0.5,0.4,0.1,0.2,0.267,0.0,0.1,0.222,0.0,0.0,0.0,0.0,0.0,0.0,0.0,0.0,0.0,0.0,0.0,0.0,0.0,0.0,0.0,2002
17,17,358,Anfernee Hardaway,1610612756,PHX,31.0,1.3,2.3,0.57,0.4,1.0,0.35,0.6,1.3,0.432,1.4,3.0,0.459,0.7,2.0,0.368,0.1,0.3,0.278,0.0,0.0,0.0,0.0,0.0,0.0,0.0,0.0,0.0,2002
18,18,1738,Ansu Sesay,1610612760,SEA,26.0,0.6,1.1,0.521,0.1,0.2,0.25,0.0,0.1,0.2,0.3,0.9,0.316,0.0,0.2,0.125,0.0,0.0,0.0,0.0,0.0,0.0,0.0,0.0,0.0,0.0,0.0,0.0,2002
19,19,1712,Antawn Jamison,1610612744,GSW,27.0,3.0,4.5,0.668,1.9,4.0,0.468,0.8,2.0,0.396,1.3,3.4,0.372,1.2,3.1,0.391,0.3,0.9,0.315,0.0,0.0,0.0,0.0,0.0,0.0,0.0,0.1,0.0,2002
20,20,1853,Anthony Carter,1610612748,MIA,28.0,0.7,1.2,0.533,0.1,0.3,0.417,0.1,0.4,0.412,0.7,2.2,0.308,0.1,0.6,0.207,0.0,0.0,0.0,0.0,0.3,0.0,0.0,0.3,0.0,0.0,0.4,0.0,2002
21,21,924,Anthony Goldwire,1610612764,WAS,31.0,0.1,0.3,0.4,0.0,0.0,0.0,0.0,0.1,0.0,0.3,0.7,0.375,0.3,0.7,0.5,0.0,0.3,0.0,,,,0.0,0.0,0.0,0.0,0.0,0.0,2002
22,22,1533,Anthony Johnson,1610612751,NJN,28.0,0.6,0.9,0.613,0.2,0.4,0.481,0.2,0.5,0.414,0.4,1.0,0.338,0.2,0.5,0.364,0.1,0.3,0.417,0.0,0.0,0.0,0.0,0.0,0.0,0.0,0.0,0.0,2002
23,23,193,Anthony Mason,1610612749,MIL,36.0,1.5,2.6,0.562,0.5,1.1,0.466,0.6,1.7,0.358,0.4,0.6,0.561,0.0,0.0,0.0,0.0,0.0,0.0,0.0,0.0,0.0,0.0,0.0,0.0,0.0,0.0,0.0,2002
24,24,324,Anthony Peeler,1610612750,MIN,33.0,0.6,1.0,0.56,0.0,0.2,0.158,0.1,0.5,0.316,0.8,2.0,0.395,1.0,2.5,0.426,0.5,1.3,0.388,0.0,0.1,0.0,0.0,0.0,0.0,0.0,0.0,0.0,2002
25,25,2541,Antoine Rigaudeau,1610612742,DAL,31.0,0.4,0.7,0.5,0.0,0.0,0.0,0.0,0.4,0.0,0.2,1.0,0.182,0.2,1.1,0.182,0.0,0.1,0.0,0.0,0.0,0.0,,,,0.0,0.0,0.0,2002
26,26,952,Antoine Walker,1610612738,BOS,26.0,3.2,6.4,0.503,1.3,3.4,0.372,0.5,1.6,0.307,0.2,0.8,0.283,1.1,3.6,0.295,1.4,4.0,0.356,0.1,0.5,0.2,0.0,0.0,0.0,0.0,0.1,0.5,2002
27,27,1498,Antonio Daniels,1610612757,POR,28.0,0.6,0.9,0.617,0.2,0.3,0.667,0.1,0.3,0.412,0.1,0.4,0.28,0.3,0.8,0.37,0.1,0.3,0.231,0.0,0.0,0.0,0.0,0.0,0.0,0.0,0.1,0.0,2002
28,28,213,Antonio Davis,1610612761,TOR,34.0,2.0,4.1,0.495,0.7,1.8,0.409,1.1,2.6,0.407,1.0,3.4,0.302,0.1,0.2,0.375,0.0,0.0,0.0,0.0,0.0,0.0,0.0,0.0,0.0,0.0,0.0,0.0,2002
29,29,176,Antonio Harvey,1610612737,ATL,32.0,0.5,0.5,1.0,0.0,0.8,0.0,0.0,0.0,0.0,0.0,0.0,0.0,0.0,0.0,0.0,0.0,0.0,0.0,,,,,,,,,,2002
30,30,1609,Art Long,1610612761,TOR,30.0,0.6,1.3,0.471,0.1,0.7,0.2,0.2,0.3,0.5,0.1,0.6,0.214,0.1,0.2,0.5,0.0,0.0,0.0,0.0,0.0,0.0,,,,0.0,0.0,0.0,2002
31,31,717,Arvydas Sabonis,1610612757,POR,38.0,1.2,2.2,0.547,0.4,1.0,0.407,0.1,0.3,0.368,0.2,0.6,0.383,0.3,0.5,0.488,0.0,0.0,0.0,0.0,0.0,0.0,0.0,0.0,0.0,0.0,0.0,0.0,2002
32,32,1506,Austin Croshere,1610612754,IND,28.0,0.6,1.2,0.534,0.1,0.1,0.6,0.2,0.4,0.368,0.2,0.9,0.238,0.5,1.1,0.412,0.3,0.8,0.412,0.0,0.0,0.0,0.0,0.0,0.0,0.0,0.0,0.0,2002
33,33,422,Avery Johnson,1610612742,DAL,38.0,0.8,1.7,0.463,0.2,0.5,0.35,0.1,0.3,0.417,0.3,0.7,0.4,0.0,0.1,0.25,0.0,0.0,0.0,0.0,0.0,0.0,0.0,0.0,0.0,0.0,0.2,0.0,2002
34,34,1884,Baron Davis,1610612740,NOH,24.0,2.7,5.0,0.548,0.3,1.0,0.292,0.6,1.5,0.395,0.6,2.0,0.323,1.4,3.7,0.368,1.0,2.8,0.368,0.3,1.0,0.333,0.3,0.5,0.5,0.0,0.2,0.0,2002
35,35,1112,Ben Wallace,1610612765,DET,28.0,2.4,4.0,0.587,0.1,0.5,0.273,0.1,0.5,0.27,0.2,0.9,0.27,0.0,0.1,0.143,0.0,0.0,0.333,0.0,0.0,0.0,0.0,0.0,0.0,0.0,0.0,0.0,2002
36,36,902,Bimbo Coles,1610612738,BOS,35.0,0.2,0.6,0.333,0.1,0.2,0.25,0.3,0.9,0.3,0.7,1.9,0.364,0.3,0.9,0.387,0.1,0.2,0.25,0.0,0.5,0.0,0.0,0.0,0.0,0.0,0.4,0.0,2002
37,37,448,Bo Outlaw,1610612756,PHX,32.0,1.6,2.7,0.613,0.2,0.4,0.433,0.0,0.2,0.25,0.1,0.2,0.278,0.0,0.1,0.4,0.0,0.0,0.0,0.0,0.0,0.0,0.0,0.0,0.0,0.0,0.1,0.0,2002
38,38,682,Bob Sura,1610612744,GSW,30.0,1.6,2.9,0.541,0.2,0.6,0.281,0.0,0.2,0.167,0.1,0.5,0.185,0.4,0.9,0.404,0.2,0.9,0.261,0.0,0.0,0.0,0.0,0.0,0.0,0.0,0.0,0.0,2002
39,39,1517,Bobby Jackson,1610612758,SAC,30.0,2.4,3.8,0.635,0.2,0.6,0.351,0.3,0.7,0.425,0.8,2.1,0.381,1.7,4.2,0.413,0.3,0.9,0.365,0.0,0.1,0.0,0.0,0.5,0.0,0.0,0.3,0.0,2002
40,40,2250,Bobby Simmons,1610612764,WAS,23.0,0.4,0.9,0.424,0.1,0.3,0.25,0.0,0.2,0.25,0.6,1.6,0.396,0.3,0.6,0.471,0.0,0.1,0.0,0.0,0.0,0.0,0.0,0.0,0.0,0.0,0.0,0.0,2002
41,41,1719,Bonzi Wells,1610612757,POR,26.0,3.0,4.9,0.607,0.3,1.0,0.324,0.5,1.4,0.35,1.0,3.0,0.341,0.9,2.5,0.368,0.1,0.4,0.261,0.0,0.0,0.0,0.0,0.0,0.0,0.0,0.2,0.0,2002
42,42,2411,Bostjan Nachbar,1610612745,HOU,22.0,0.4,0.6,0.667,0.0,0.0,0.0,0.0,0.3,0.0,0.2,0.4,0.6,0.1,1.0,0.077,0.1,0.2,0.5,,,,,,,,,,2002
43,43,1802,Brad Miller,1610612754,IND,27.0,2.6,4.2,0.605,0.2,0.8,0.283,0.5,1.2,0.429,0.9,2.2,0.429,0.2,0.5,0.368,0.0,0.1,0.375,0.0,0.0,0.0,0.0,0.0,0.0,0.0,0.0,0.0,2002
44,44,2220,Brandon Armstrong,1610612751,NJN,23.0,0.1,0.2,0.5,0.0,0.1,0.0,0.0,0.1,0.0,0.3,0.7,0.4,0.2,0.7,0.333,0.0,0.3,0.0,,,,,,,0.0,0.0,0.0,2002
45,45,1585,Brandon Williams,1610612737,ATL,28.0,0.0,0.2,0.0,0.0,0.3,0.0,0.0,0.3,0.0,0.2,0.6,0.333,0.0,0.2,0.0,0.0,0.0,0.0,,,,,,,,,,2002
46,46,2217,Brendan Haywood,1610612764,WAS,23.0,1.7,2.8,0.613,0.1,0.6,0.216,0.2,0.6,0.391,0.0,0.1,0.25,0.0,0.0,0.0,0.0,0.0,0.0,0.0,0.0,0.0,0.0,0.0,0.0,0.0,0.0,0.0,2002
47,47,699,Brent Barry,1610612760,SEA,31.0,1.4,2.2,0.634,0.2,0.4,0.419,0.0,0.1,0.2,0.1,0.5,0.306,1.0,2.2,0.439,0.8,2.3,0.353,0.2,0.3,0.667,0.0,0.0,0.0,0.1,0.2,0.5,2002
48,48,1510,Brevin Knight,1610612763,MEM,27.0,0.5,1.0,0.519,0.1,0.4,0.364,0.1,0.3,0.2,0.7,1.7,0.427,0.3,0.6,0.429,0.0,0.0,0.5,0.0,0.0,0.0,0.0,1.0,0.0,0.1,0.2,0.333,2002
49,49,2073,Brian Cardinal,1610612764,WAS,26.0,0.2,0.2,1.0,0.0,0.0,0.0,0.0,0.5,0.0,0.0,0.3,0.0,0.0,0.0,0.0,0.0,0.3,0.0,,,,,,,,,,2002
50,50,258,Brian Grant,1610612748,MIA,31.0,2.1,3.3,0.628,0.3,0.8,0.431,0.4,1.1,0.4,1.2,2.8,0.435,0.1,0.2,0.467,0.0,0.0,0.0,0.0,0.0,0.0,0.0,0.0,0.0,0.0,0.0,0.0,2002
51,51,2243,Brian Scalabrine,1610612751,NJN,25.0,0.4,0.9,0.463,0.1,0.3,0.429,0.0,0.2,0.286,0.3,0.7,0.395,0.2,0.8,0.286,0.2,0.4,0.571,0.0,0.0,0.0,0.0,0.0,0.0,0.0,0.0,0.0,2002
52,52,216,Brian Shaw,1610612747,LAL,37.0,0.2,0.4,0.548,0.1,0.4,0.25,0.1,0.3,0.25,0.3,0.7,0.469,0.3,1.0,0.319,0.4,1.0,0.448,0.0,0.0,0.0,0.0,0.0,0.0,0.0,0.3,0.0,2002
53,53,1730,Brian Skinner,1610612755,PHI,27.0,1.9,2.9,0.642,0.3,0.9,0.366,0.1,0.4,0.31,0.0,0.1,0.4,0.0,0.0,0.0,0.0,0.0,0.0,0.0,0.0,0.0,0.0,0.0,0.0,0.0,0.0,0.0,2002
54,54,1477,Bruce Bowen,1610612759,SAS,32.0,0.8,1.2,0.637,0.1,0.5,0.282,0.2,0.4,0.448,0.3,0.7,0.373,1.3,2.8,0.461,0.1,0.2,0.294,0.0,0.2,0.0,0.0,0.0,0.0,0.0,0.0,0.0,2002
55,55,1743,Bruno Sundov,1610612738,BOS,23.0,0.3,0.5,0.571,0.0,0.4,0.0,0.0,0.3,0.0,0.1,0.7,0.154,0.1,0.5,0.2,0.1,0.4,0.286,0.0,0.0,0.0,0.0,0.0,0.0,0.0,0.0,0.0,2002
56,56,1724,Bryce Drew,1610612740,NOH,28.0,0.1,0.2,0.333,0.1,0.1,1.0,0.1,0.4,0.2,0.2,0.8,0.182,0.2,0.4,0.4,0.1,0.3,0.5,,,,0.0,0.0,0.0,,,,2002
57,57,935,Bryon Russell,1610612764,WAS,32.0,0.3,0.7,0.462,0.0,0.1,0.2,0.1,0.2,0.333,0.3,0.7,0.367,0.7,1.9,0.364,0.2,0.9,0.241,0.0,0.2,0.0,0.0,0.0,0.0,0.0,0.0,0.0,2002
58,58,384,Calbert Cheaney,1610612762,UTA,31.0,1.5,2.2,0.659,0.2,0.6,0.408,0.4,0.8,0.456,1.2,2.8,0.439,0.7,1.5,0.453,0.0,0.1,0.0,0.0,0.3,0.0,0.0,0.0,0.0,0.0,0.0,0.0,2002
59,59,1916,Calvin Booth,1610612760,SEA,27.0,0.5,1.0,0.556,0.2,0.3,0.5,0.2,0.3,0.6,0.2,0.7,0.303,0.0,0.2,0.091,0.0,0.0,0.0,0.0,0.0,0.0,0.0,0.0,0.0,0.0,0.0,0.0,2002
60,60,2306,Carlos Arroyo,1610612762,UTA,23.0,0.5,0.8,0.622,0.2,0.5,0.357,0.2,0.4,0.5,0.4,0.9,0.394,0.1,0.3,0.182,0.1,0.1,0.667,0.0,0.0,0.0,,,,0.0,0.5,0.0,2002
61,61,2430,Carlos Boozer,1610612739,CLE,21.0,2.7,4.4,0.616,0.3,0.7,0.404,0.4,0.9,0.457,0.7,1.7,0.43,0.0,0.1,0.286,0.0,0.0,0.0,,,,0.0,0.0,0.0,0.0,0.0,0.0,2002
62,62,2406,Caron Butler,1610612748,MIA,23.0,2.8,5.1,0.539,0.5,1.5,0.336,0.5,1.6,0.32,0.9,2.6,0.332,0.7,1.8,0.386,0.2,0.4,0.394,0.0,0.1,0.0,0.0,0.6,0.0,0.0,0.5,0.0,2002
63,63,2418,Casey Jacobsen,1610612756,PHX,22.0,0.7,1.4,0.495,0.0,0.1,0.125,0.1,0.2,0.545,0.1,0.4,0.241,0.8,2.0,0.382,0.1,0.7,0.167,0.0,0.0,0.0,0.0,0.0,0.0,0.0,0.1,0.0,2002
64,64,2456,Cezary Trybanski,1610612763,MEM,23.0,0.3,0.6,0.444,0.1,0.5,0.167,0.0,0.3,0.0,0.0,0.1,0.0,0.0,0.0,0.0,0.0,0.0,0.0,,,,,,,0.0,0.0,0.0,2002
65,65,891,Charles Oakley,1610612764,WAS,39.0,0.1,0.3,0.462,0.0,0.0,0.0,0.0,0.0,1.0,0.3,0.8,0.382,0.0,0.1,0.4,0.0,0.0,0.0,0.0,0.0,0.0,0.0,0.0,0.0,0.0,0.0,0.0,2002
66,66,1520,Charles Smith,1610612757,POR,27.0,0.3,0.3,1.0,0.0,0.0,0.0,0.0,0.5,0.0,0.0,0.0,0.0,0.0,1.0,0.0,,,,,,,,,,,,,2002
67,67,369,Charlie Ward,1610612752,NYK,32.0,0.5,0.9,0.557,0.1,0.2,0.467,0.0,0.2,0.214,0.2,0.4,0.414,0.9,2.4,0.369,0.8,2.0,0.394,0.0,0.0,0.0,0.0,0.6,0.0,0.0,0.3,0.0,2002
68,68,1497,Chauncey Billups,1610612765,DET,26.0,1.2,2.6,0.481,0.2,0.4,0.419,0.4,0.9,0.485,0.6,1.7,0.357,1.4,3.0,0.468,1.1,3.1,0.35,0.2,0.5,0.333,0.0,0.3,0.0,0.0,0.2,0.0,2002
69,69,685,Cherokee Parks,1610612746,LAC,30.0,1.4,2.2,0.631,0.3,0.4,0.9,0.1,0.5,0.214,0.8,2.0,0.368,0.3,0.6,0.471,0.0,0.0,0.0,0.0,0.0,0.0,,,,0.0,0.0,0.0,2002
70,70,2365,Chris Andersen,1610612743,DEN,24.0,1.5,2.9,0.52,0.1,0.5,0.25,0.1,0.5,0.217,0.2,0.8,0.204,0.0,0.1,0.125,0.0,0.0,0.0,0.0,0.0,0.0,0.0,0.0,0.0,0.0,0.0,0.0,2002
71,71,164,Chris Childs,1610612751,NJN,35.0,0.0,0.2,0.0,0.0,0.0,0.0,0.1,0.3,0.333,0.4,0.7,0.5,0.1,0.4,0.25,0.0,0.1,0.0,,,,,,,0.0,0.4,0.0,2002
72,72,1544,Chris Crawford,1610612737,ATL,28.0,0.4,0.6,0.667,0.2,0.2,1.0,0.4,0.6,0.667,0.4,0.6,0.667,0.0,0.3,0.0,0.3,0.5,0.5,,,,0.0,0.0,0.0,0.0,0.0,0.0,2002
73,73,201,Chris Dudley,1610612757,POR,38.0,0.0,0.3,0.0,0.0,0.0,0.0,0.0,0.0,0.0,0.0,0.0,0.0,0.0,0.0,0.0,0.0,0.0,0.0,,,,,,,,,,2002
74,74,2423,Chris Jefferies,1610612761,TOR,23.0,0.4,0.9,0.458,0.0,0.3,0.143,0.0,0.1,0.4,0.4,1.1,0.333,0.6,1.1,0.491,0.1,0.6,0.25,0.0,0.0,0.0,0.0,0.0,0.0,0.0,0.0,0.0,2002
75,75,2036,Chris Mihm,1610612739,CLE,23.0,1.3,2.5,0.5,0.3,0.9,0.37,0.2,0.7,0.286,0.4,1.3,0.319,0.0,0.1,0.333,0.0,0.0,0.0,0.0,0.0,0.0,,,,0.0,0.0,0.0,2002
76,76,168,Chris Mills,1610612744,GSW,33.0,0.4,1.0,0.429,0.2,0.5,0.333,0.1,0.3,0.286,0.8,1.9,0.4,0.3,0.8,0.333,0.2,0.8,0.286,0.0,0.0,0.0,,,,,,,2002
77,77,2442,Chris Owens,1610612763,MEM,24.0,1.0,2.0,0.5,,,,0.0,0.0,0.0,1.0,1.0,1.0,0.0,0.0,0.0,0.0,0.0,0.0,,,,,,,,,,2002
78,78,185,Chris Webber,1610612758,SAC,30.0,3.6,5.9,0.603,1.6,4.0,0.394,0.7,1.8,0.369,3.3,7.5,0.44,0.7,1.9,0.375,0.0,0.2,0.154,0.0,0.0,0.0,0.0,0.0,0.0,0.0,0.0,0.0,2002
79,79,43,Chris Whitney,1610612753,ORL,31.0,0.2,0.3,0.625,0.1,0.3,0.231,0.1,0.5,0.28,0.5,1.5,0.333,1.1,2.7,0.422,0.5,1.8,0.273,0.0,0.3,0.0,0.0,0.0,0.0,0.0,0.0,0.0,2002
80,80,2404,Chris Wilcox,1610612746,LAC,20.0,1.1,1.8,0.642,0.4,0.9,0.395,0.2,0.4,0.353,0.0,0.1,0.0,0.0,0.0,0.0,0.0,0.0,0.0,0.0,0.0,0.0,,,,0.0,0.0,0.0,2002
81,81,363,Christian Laettner,1610612764,WAS,33.0,1.1,1.9,0.608,0.1,0.4,0.25,0.4,0.7,0.519,1.5,3.1,0.496,0.2,0.6,0.356,0.0,0.1,0.143,0.0,0.3,0.0,0.0,0.0,0.0,0.0,0.2,0.0,2002
82,82,1088,Chucky Atkins,1610612765,DET,28.0,0.6,1.2,0.45,0.1,0.3,0.2,0.0,0.2,0.167,0.5,1.3,0.366,0.8,2.1,0.36,0.7,1.9,0.374,0.0,0.0,0.0,0.0,1.0,0.0,0.0,0.4,0.0,2002
83,83,221,Clar. Weatherspoon,1610612752,NYK,32.0,1.6,3.2,0.49,0.2,0.6,0.34,0.3,0.7,0.379,0.3,0.7,0.418,0.0,0.0,0.667,0.0,0.0,0.0,0.0,0.0,0.0,0.0,0.0,0.0,0.0,0.0,0.0,2002
84,84,361,Clifford Robinson,1610612765,DET,36.0,1.2,2.3,0.525,0.9,1.9,0.471,0.5,1.5,0.322,0.9,2.3,0.368,0.4,1.4,0.316,0.7,2.1,0.343,0.0,0.4,0.0,0.0,0.0,0.0,0.1,0.2,0.333,2002
85,85,1736,Corey Benjamin,1610612737,ATL,25.0,1.0,2.0,0.5,0.1,0.7,0.167,0.0,0.3,0.0,0.1,0.2,0.5,0.1,1.2,0.091,0.1,0.4,0.333,,,,0.0,0.0,0.0,0.0,0.0,0.0,2002
86,86,1894,Corey Maggette,1610612746,LAC,23.0,2.7,4.3,0.612,0.2,0.7,0.357,0.1,0.5,0.267,0.7,2.0,0.338,1.1,3.1,0.357,0.6,1.5,0.379,0.0,0.0,0.0,0.0,0.0,0.0,0.0,0.1,0.0,2002
87,87,916,Corie Blount,1610612741,CHI,34.0,0.5,0.9,0.511,0.0,0.3,0.167,0.3,0.7,0.4,0.5,0.9,0.591,0.0,0.1,0.667,0.0,0.0,0.0,0.0,0.0,0.0,0.0,0.0,0.0,0.0,0.0,0.0,2002
88,88,722,Corliss Williamson,1610612765,DET,29.0,2.7,4.7,0.566,1.1,2.4,0.44,0.4,1.5,0.303,0.3,1.3,0.262,0.1,0.2,0.333,0.0,0.0,0.0,0.0,0.0,0.0,0.0,0.0,0.0,0.0,0.1,0.0,2002
89,89,2042,Courtney Alexander,1610612740,NOH,26.0,0.9,2.0,0.473,0.1,0.3,0.316,0.5,1.2,0.395,0.8,2.6,0.325,0.5,1.3,0.407,0.1,0.4,0.2,0.0,0.3,0.0,0.0,0.0,0.0,0.0,0.0,0.0,2002
90,90,1749,Cuttino Mobley,1610612745,HOU,27.0,2.5,4.2,0.581,0.3,0.9,0.368,0.5,1.2,0.398,1.0,2.4,0.416,1.4,3.8,0.374,0.6,1.9,0.326,0.0,0.2,0.0,0.0,0.3,0.0,0.1,0.3,0.286,2002
91,91,2402,Dajuan Wagner,1610612739,CLE,20.0,2.1,4.6,0.449,0.7,2.1,0.343,0.4,1.1,0.34,0.2,0.9,0.262,0.8,2.4,0.324,0.6,1.8,0.325,0.0,0.0,0.0,0.0,0.5,0.0,0.1,0.2,0.333,2002
92,92,905,Dale Davis,1610612757,POR,34.0,2.2,3.3,0.655,0.2,0.7,0.278,0.4,1.0,0.395,0.3,0.6,0.477,0.0,0.0,0.0,0.0,0.0,0.0,0.0,0.0,0.0,0.0,0.0,0.0,0.0,0.0,0.0,2002
93,93,2053,Dalibor Bagaric,1610612741,CHI,22.0,0.2,0.6,0.333,0.2,1.0,0.222,0.2,0.8,0.286,0.1,0.3,0.333,0.1,0.1,1.0,0.0,0.0,0.0,,,,,,,,,,2002
94,94,1800,Damon Jones,1610612758,SAC,26.0,0.3,0.5,0.542,0.1,0.1,0.571,0.1,0.2,0.5,0.2,0.5,0.308,0.8,2.0,0.385,0.3,1.1,0.286,0.0,0.0,0.0,,,,0.0,0.0,0.0,2002
95,95,757,Damon Stoudamire,1610612757,POR,29.0,0.6,1.4,0.475,0.2,0.7,0.308,0.1,0.5,0.296,0.5,1.4,0.383,0.9,2.6,0.368,0.2,0.7,0.324,0.0,0.0,0.0,0.0,0.4,0.0,0.0,0.0,0.0,2002
96,96,2245,Damone Brown,1610612761,TOR,24.0,0.8,1.4,0.571,0.2,0.8,0.25,0.5,1.8,0.286,0.6,2.6,0.231,0.2,0.6,0.333,0.0,0.2,0.0,,,,,,,0.0,0.0,0.0,2002
97,97,2424,Dan Dickau,1610612737,ATL,24.0,0.4,0.8,0.512,0.1,0.5,0.238,0.0,0.2,0.222,0.3,0.6,0.5,0.4,1.0,0.432,0.3,0.8,0.345,0.0,0.0,0.0,,,,0.0,0.0,0.0,2002
98,98,2429,Dan Gadzuric,1610612749,MIL,25.0,1.1,1.8,0.6,0.2,0.7,0.226,0.1,0.3,0.467,0.0,0.2,0.25,0.0,0.0,0.0,0.0,0.0,0.0,,,,0.0,0.0,0.0,0.0,0.2,0.0,2002
99,99,2061,Dan Langhi,1610612756,PHX,25.0,0.2,0.5,0.452,0.0,0.1,0.25,0.1,0.3,0.294,0.7,1.6,0.437,0.4,1.0,0.389,0.0,0.2,0.222,0.0,0.0,0.0,0.0,0.0,0.0,0.0,0.0,0.0,2002
100,100,198,Danny Ferry,1610612759,SAS,36.0,0.1,0.1,0.667,0.0,0.1,0.25,0.1,0.3,0.467,0.1,0.5,0.259,0.3,0.9,0.37,0.1,0.4,0.278,0.0,0.0,0.0,0.0,0.0,0.0,0.0,0.0,0.0,2002
101,101,1504,Danny Fortson,1610612744,GSW,27.0,0.6,1.3,0.5,0.2,0.9,0.25,0.1,0.3,0.5,0.2,0.7,0.3,0.0,0.1,0.0,0.0,0.0,0.0,,,,,,,0.0,0.0,0.0,2002
102,102,330,Danny Manning,1610612765,DET,37.0,0.5,0.8,0.636,0.0,0.1,0.0,0.0,0.5,0.0,0.3,0.7,0.375,0.1,0.4,0.25,0.2,0.4,0.5,,,,,,,,,,2002
103,103,2032,Darius Miles,1610612739,CLE,21.0,2.5,4.3,0.577,0.3,1.3,0.259,0.3,1.1,0.292,0.7,2.4,0.28,0.1,0.4,0.28,0.0,0.0,0.0,0.0,0.0,0.0,0.0,0.3,0.0,0.0,0.2,0.0,2002
104,104,353,Darrell Armstrong,1610612753,ORL,35.0,0.9,1.6,0.537,0.0,0.3,0.19,0.2,0.5,0.395,0.8,2.0,0.417,0.9,2.4,0.381,0.4,1.0,0.353,0.0,0.0,0.0,0.0,0.0,0.0,0.0,0.3,0.0,2002
105,105,1032,Darvin Ham,1610612737,ATL,29.0,0.7,1.4,0.51,0.0,0.1,0.429,0.0,0.2,0.273,0.2,0.5,0.371,0.0,0.0,0.0,0.0,0.0,0.0,0.0,0.0,0.0,0.0,0.0,0.0,0.0,0.1,0.0,2002
106,106,764,David Robinson,1610612759,SAS,37.0,2.3,4.2,0.55,0.2,0.6,0.35,0.2,0.8,0.278,0.3,0.8,0.352,0.0,0.0,0.0,0.0,0.0,0.0,0.0,0.0,0.0,0.0,0.0,0.0,0.0,0.0,0.0,2002
107,107,133,David Wesley,1610612740,NOH,32.0,1.2,2.2,0.537,0.2,0.5,0.441,0.2,0.6,0.383,1.6,4.2,0.389,2.5,5.5,0.452,0.4,1.3,0.341,0.0,0.0,0.0,0.0,0.3,0.0,0.0,0.1,0.0,2002
108,108,2205,DeSagana Diop,1610612739,CLE,21.0,0.4,0.9,0.435,0.1,0.3,0.174,0.1,0.4,0.303,0.1,0.3,0.37,0.0,0.0,0.0,0.0,0.0,0.0,,,,0.0,0.0,0.0,0.0,0.0,0.0,2002
109,109,2052,DeShawn Stevenson,1610612762,UTA,22.0,0.7,1.4,0.465,0.0,0.3,0.167,0.2,0.5,0.391,0.7,1.8,0.386,0.4,1.1,0.383,0.0,0.1,0.5,0.0,0.0,0.0,,,,0.0,0.0,0.0,2002
110,110,2352,Dean Oliver,1610612744,GSW,24.0,0.2,0.7,0.3,0.0,0.2,0.0,0.1,0.3,0.333,0.1,0.5,0.167,0.1,0.3,0.333,0.1,0.4,0.25,,,,0.0,0.0,0.0,0.0,0.5,0.0,2002
111,111,1507,Derek Anderson,1610612757,POR,28.0,1.4,2.3,0.637,0.2,0.4,0.529,0.3,0.7,0.38,0.8,2.2,0.364,1.6,4.2,0.389,0.4,1.4,0.295,0.0,0.0,0.0,0.0,0.2,0.0,0.0,0.2,0.0,2002
112,112,965,Derek Fisher,1610612747,LAL,28.0,0.6,1.3,0.491,0.2,0.3,0.52,0.3,0.8,0.387,1.3,2.8,0.474,1.5,3.4,0.426,0.3,0.8,0.309,0.0,0.0,0.0,0.0,0.0,0.0,0.0,0.1,0.0,2002
113,113,934,Derrick Coleman,1610612755,PHI,36.0,1.9,3.3,0.579,0.4,1.0,0.359,0.4,1.3,0.309,0.4,0.9,0.383,0.3,0.6,0.415,0.2,0.7,0.326,0.0,0.0,0.0,0.0,0.0,0.0,0.0,0.0,0.0,2002
114,114,2046,Desmond Mason,1610612749,MIL,25.0,2.1,3.6,0.602,0.3,1.0,0.317,0.5,1.2,0.396,1.5,3.6,0.405,1.2,2.9,0.426,0.1,0.4,0.194,0.0,0.0,0.0,0.0,0.0,0.0,0.0,0.1,0.0,2002
115,115,1904,Devean George,1610612747,LAL,25.0,0.9,1.6,0.58,0.1,0.5,0.229,0.2,0.5,0.314,0.5,1.5,0.339,0.5,1.6,0.333,0.3,0.8,0.389,0.2,0.3,0.5,0.0,0.1,0.0,0.0,0.1,0.0,2002
116,116,2484,Devin Brown,1610612743,DEN,24.0,0.6,1.1,0.545,0.0,0.3,0.0,0.1,0.3,0.5,0.4,1.6,0.286,0.1,0.6,0.2,0.0,0.0,0.0,,,,0.0,0.0,0.0,,,,2002
117,117,87,Dikembe Mutombo,1610612751,NJN,37.0,1.2,2.9,0.42,0.6,1.9,0.326,0.3,0.5,0.462,0.0,0.3,0.0,0.0,0.0,0.0,0.0,0.0,0.0,0.0,0.0,0.0,0.0,0.0,0.0,0.0,0.0,0.0,2002
118,118,1901,Dion Glover,1610612737,ATL,24.0,1.7,3.3,0.508,0.1,0.4,0.222,0.3,0.7,0.412,0.7,1.8,0.396,0.6,1.4,0.435,0.3,1.0,0.303,0.0,0.0,0.0,0.0,0.0,0.0,0.0,0.2,0.0,2002
119,119,1717,Dirk Nowitzki,1610612742,DAL,25.0,2.3,3.5,0.65,0.4,1.0,0.388,1.4,2.8,0.509,2.1,5.1,0.403,2.0,4.7,0.429,0.5,1.6,0.325,0.0,0.0,0.0,0.0,0.3,0.0,0.0,0.1,0.0,2002
120,120,690,Don Reid,1610612765,DET,29.0,0.0,3.0,0.0,0.0,0.0,0.0,0.0,0.0,0.0,0.0,0.0,0.0,0.0,0.0,0.0,0.0,0.0,0.0,,,,,,,,,,2002
121,121,2051,Donnell Harvey,1610612743,DEN,22.0,2.1,3.9,0.54,0.5,1.5,0.33,0.2,0.5,0.432,0.4,1.1,0.321,0.1,0.2,0.267,0.0,0.0,0.0,0.0,0.0,0.0,0.0,0.0,0.0,0.0,0.1,0.0,2002
122,122,681,Donny Marshall,1610612751,NJN,30.0,0.0,0.0,0.0,0.0,0.0,0.0,,,,0.0,0.7,0.0,0.0,0.5,0.0,,,,,,,,,,,,,2002
123,123,923,Donyell Marshall,1610612741,CHI,30.0,3.4,6.1,0.559,0.7,2.0,0.357,0.2,0.9,0.246,0.4,1.1,0.393,0.5,1.2,0.381,0.1,0.4,0.3,0.0,0.0,0.0,0.0,0.0,0.0,0.0,0.0,0.0,2002
124,124,57,Doug Christie,1610612758,SAC,33.0,1.5,2.2,0.665,0.1,0.2,0.462,0.1,0.3,0.348,0.3,1.1,0.282,1.1,2.5,0.462,0.2,0.7,0.339,0.0,0.1,0.0,0.0,0.0,0.0,0.0,0.1,0.0,2002
125,125,2400,Drew Gooden,1610612753,ORL,21.0,2.1,3.8,0.553,1.1,2.5,0.418,0.7,1.6,0.434,0.8,1.9,0.396,0.4,0.8,0.424,0.1,0.4,0.25,0.0,0.0,0.0,0.0,0.0,0.0,0.0,0.0,0.0,2002
126,126,1863,Earl Boykins,1610612744,GSW,27.0,0.6,1.1,0.533,0.5,1.1,0.434,0.7,1.3,0.494,0.7,1.9,0.341,0.4,0.9,0.458,0.2,0.5,0.324,0.0,0.4,0.0,0.0,0.0,0.0,0.0,0.0,0.0,2002
127,127,2248,Earl Watson,1610612763,MEM,24.0,0.7,1.3,0.548,0.3,0.7,0.434,0.2,0.5,0.405,0.4,0.9,0.444,0.4,1.0,0.363,0.2,0.5,0.378,0.0,0.1,0.0,,,,0.0,0.3,0.0,2002
128,128,2204,Eddie Griffin,1610612745,HOU,21.0,1.1,1.8,0.612,0.5,1.3,0.423,0.5,1.3,0.382,0.4,1.6,0.262,0.4,1.2,0.347,0.6,1.7,0.333,0.0,0.0,0.0,0.0,0.0,0.0,0.0,0.0,0.0,2002
129,129,2067,Eddie House,1610612748,MIA,25.0,0.5,0.7,0.634,0.1,0.3,0.412,0.3,0.9,0.333,1.2,2.8,0.433,0.9,2.9,0.32,0.2,0.7,0.3,0.0,0.5,0.0,0.0,0.0,0.0,0.0,0.3,0.0,2002
130,130,224,Eddie Jones,1610612748,MIA,31.0,1.6,3.2,0.487,0.4,1.0,0.383,0.7,1.5,0.465,1.1,2.9,0.362,2.0,4.7,0.428,0.5,1.2,0.382,0.0,0.0,0.0,0.0,0.0,0.0,0.0,0.3,0.0,2002
131,131,1944,Eddie Robinson,1610612741,CHI,27.0,1.2,1.9,0.664,0.2,0.5,0.406,0.4,0.8,0.444,0.4,1.3,0.329,0.2,0.3,0.579,0.0,0.1,0.0,0.0,0.0,0.0,0.0,0.0,0.0,0.0,0.2,0.0,2002
132,132,2201,Eddy Curry,1610612741,CHI,20.0,3.0,4.5,0.67,0.9,1.9,0.483,0.2,0.6,0.354,0.0,0.2,0.286,0.0,0.0,0.0,0.0,0.0,0.0,0.0,0.0,0.0,0.0,0.0,0.0,0.0,0.0,0.0,2002
133,133,2059,Eduardo Najera,1610612742,DAL,26.0,2.0,3.1,0.66,0.2,0.4,0.476,0.1,0.3,0.313,0.3,0.8,0.333,0.1,0.1,0.571,0.0,0.0,0.0,0.0,0.0,0.0,0.0,0.0,0.0,0.0,0.0,0.0,2002
134,134,981,Efthimios Rentzias,1610612755,PHI,27.0,0.2,0.4,0.4,0.2,0.3,0.6,0.0,0.3,0.143,0.2,0.7,0.227,0.1,0.1,0.667,0.1,0.3,0.5,0.0,0.0,0.0,0.0,0.0,0.0,0.0,1.0,0.0,2002
135,135,922,Elden Campbell,1610612760,SEA,34.0,0.8,1.8,0.455,0.4,1.1,0.355,0.4,1.0,0.345,0.5,1.3,0.4,0.0,0.1,0.25,0.0,0.0,0.0,0.0,0.0,0.0,0.0,0.0,0.0,0.0,0.0,0.0,2002
136,136,1882,Elton Brand,1610612746,LAC,24.0,4.3,6.7,0.639,1.4,3.6,0.395,1.0,2.6,0.384,0.5,1.5,0.366,0.0,0.0,0.0,0.0,0.0,0.0,0.0,0.0,0.0,0.0,0.0,0.0,0.0,0.1,0.0,2002
137,137,1023,Emanual Davis,1610612737,ATL,34.0,0.4,0.8,0.474,0.0,0.2,0.2,0.1,0.2,0.4,0.5,1.0,0.522,0.3,1.1,0.259,0.0,0.3,0.143,,,,,,,0.0,0.2,0.0,2002
138,138,15,Eric Piatkowski,1610612746,LAC,32.0,1.3,2.0,0.659,0.1,0.3,0.263,0.2,0.6,0.441,0.3,0.7,0.413,0.7,1.7,0.402,0.8,2.0,0.405,0.0,0.3,0.0,0.0,0.0,0.0,0.0,0.0,0.0,2002
139,139,727,Eric Snow,1610612755,PHI,30.0,1.9,3.5,0.549,0.2,0.7,0.345,0.9,2.2,0.385,1.2,2.7,0.444,0.1,0.3,0.407,0.1,0.2,0.25,0.0,0.2,0.0,0.1,0.3,0.5,0.0,0.2,0.0,2002
140,140,677,Eric Williams,1610612738,BOS,30.0,1.7,3.0,0.558,0.5,1.3,0.398,0.2,0.8,0.286,0.2,0.5,0.357,0.4,1.2,0.356,0.1,0.2,0.333,0.0,0.0,0.0,0.0,0.0,0.0,0.0,0.1,0.0,2002
141,141,956,Erick Dampier,1610612744,GSW,27.0,2.5,4.1,0.594,0.5,1.6,0.313,0.1,0.4,0.333,0.1,0.2,0.313,0.0,0.0,0.0,0.0,0.0,0.0,0.0,0.0,0.0,0.0,0.0,0.0,0.0,0.2,0.0,2002
142,142,1065,Erick Strickland,1610612754,IND,29.0,0.7,1.2,0.581,0.0,0.2,0.133,0.2,0.5,0.371,0.4,1.0,0.439,0.4,1.3,0.352,0.6,1.3,0.437,0.0,0.0,0.0,0.0,0.3,0.0,0.0,0.1,0.0,2002
143,143,911,Ervin Johnson,1610612749,MIL,35.0,0.6,1.3,0.506,0.1,0.3,0.455,0.1,0.3,0.3,0.0,0.1,0.167,0.0,0.0,0.0,0.0,0.0,0.0,0.0,0.0,0.0,0.0,0.0,0.0,0.0,0.0,0.0,2002
144,144,2041,Etan Thomas,1610612764,WAS,25.0,1.2,2.0,0.579,0.3,0.9,0.303,0.2,0.4,0.462,0.0,0.1,0.5,0.0,0.0,0.0,0.0,0.0,0.0,0.0,0.0,0.0,0.0,0.0,0.0,0.0,0.0,0.0,2002
145,145,1915,Evan Eschmeyer,1610612742,DAL,28.0,0.2,0.6,0.364,0.1,0.3,0.5,0.0,0.1,0.0,0.1,0.1,1.0,0.0,0.1,0.0,0.0,0.0,0.0,,,,0.0,0.0,0.0,0.0,0.0,0.0,2002
146,146,2421,Frank Williams,1610612752,NYK,23.0,0.0,0.4,0.125,0.1,0.3,0.2,0.0,0.2,0.0,0.0,0.0,0.0,0.4,0.8,0.467,0.0,0.2,0.0,,,,,,,0.0,0.0,0.0,2002
147,147,697,Fred Hoiberg,1610612741,CHI,30.0,0.3,0.5,0.581,0.0,0.1,0.333,0.0,0.1,0.0,0.2,0.5,0.333,0.3,0.7,0.357,0.1,0.2,0.273,0.0,0.0,0.0,0.0,0.0,0.0,0.0,0.0,0.0,2002
148,148,2410,Fred Jones,1610612754,IND,24.0,0.3,0.6,0.455,0.1,0.1,1.0,0.0,0.1,0.0,0.1,0.2,0.5,0.1,0.4,0.2,0.1,0.3,0.25,0.0,0.0,0.0,0.0,0.0,0.0,0.0,0.0,0.0,2002
149,149,56,Gary Payton,1610612749,MIL,34.0,4.2,6.8,0.609,0.7,2.0,0.331,0.9,2.3,0.4,1.5,4.0,0.375,0.8,2.2,0.373,0.2,0.9,0.264,0.0,0.1,0.0,0.0,0.4,0.0,0.0,0.0,0.0,2002
150,150,718,Gary Trent,1610612750,MIN,28.0,1.4,1.9,0.755,0.6,1.3,0.465,0.3,0.7,0.429,0.3,1.0,0.316,0.0,0.1,0.0,0.0,0.0,0.0,0.0,0.0,0.0,0.0,0.0,0.0,0.0,0.1,0.0,2002
151,151,248,George Lynch,1610612740,NOH,32.0,0.9,1.8,0.49,0.1,0.3,0.333,0.1,0.4,0.286,0.3,0.7,0.379,0.4,1.1,0.381,0.0,0.2,0.273,0.0,0.0,0.0,0.0,0.0,0.0,0.0,0.2,0.0,2002
152,152,2222,Gerald Wallace,1610612758,SAC,20.0,1.6,2.4,0.646,0.0,0.2,0.2,0.0,0.1,0.25,0.2,0.8,0.216,0.1,0.4,0.353,0.0,0.0,0.0,0.0,0.0,0.0,,,,0.0,0.4,0.0,2002
153,153,2240,Gilbert Arenas,1610612744,GSW,21.0,2.8,5.0,0.561,0.2,0.7,0.237,0.4,1.0,0.413,1.0,2.6,0.38,1.0,2.9,0.364,0.8,2.1,0.362,0.2,0.6,0.333,0.0,0.0,0.0,0.0,0.1,0.0,2002
154,154,779,Glen Rice,1610612745,HOU,36.0,0.4,0.8,0.51,0.2,0.6,0.417,0.2,0.5,0.438,0.3,0.6,0.475,1.1,2.8,0.398,1.0,2.3,0.426,0.0,0.0,0.0,0.0,0.0,0.0,0.0,0.0,0.0,2002
155,155,299,Glenn Robinson,1610612737,ATL,30.0,1.2,2.3,0.519,0.9,2.2,0.406,2.0,4.4,0.45,2.2,4.8,0.459,0.9,2.3,0.385,0.7,2.1,0.322,0.0,0.0,0.0,0.0,0.0,0.0,0.0,0.1,0.0,2002
156,156,1921,Gordan Giricek,1610612753,ORL,26.0,1.6,2.6,0.605,0.5,1.1,0.481,0.4,1.0,0.372,0.6,1.5,0.372,1.2,3.2,0.378,0.4,1.2,0.333,0.0,0.1,0.0,0.0,0.0,0.0,0.0,0.1,0.0,2002
157,157,255,Grant Hill,1610612753,ORL,30.0,2.6,4.0,0.652,0.6,1.1,0.516,0.7,2.0,0.364,1.3,3.4,0.388,0.1,0.2,0.286,0.0,0.0,0.0,,,,0.0,0.0,0.0,0.0,0.3,0.0,2002
158,158,3,Grant Long,1610612738,BOS,37.0,0.2,0.4,0.563,0.1,0.1,0.4,0.0,0.2,0.167,0.3,0.7,0.379,0.1,0.3,0.308,0.0,0.0,0.0,0.0,0.0,0.0,0.0,0.0,0.0,0.0,0.1,0.0,2002
159,159,1761,Greg Buckner,1610612755,PHI,26.0,1.4,2.2,0.638,0.3,0.7,0.429,0.1,0.6,0.25,0.4,1.1,0.378,0.2,0.6,0.293,0.1,0.2,0.4,0.0,0.0,0.0,0.0,0.2,0.0,0.0,0.1,0.0,2002
160,160,323,Greg Foster,1610612761,TOR,34.0,0.4,0.8,0.458,0.2,0.5,0.4,0.3,0.7,0.5,0.6,1.8,0.314,0.1,0.4,0.3,0.0,0.1,0.5,,,,0.0,0.0,0.0,0.0,0.0,0.0,2002
161,161,731,Greg Ostertag,1610612762,UTA,30.0,1.7,2.8,0.6,0.1,0.5,0.25,0.1,0.4,0.344,0.1,0.3,0.455,0.0,0.0,0.0,0.0,0.0,0.0,0.0,0.0,0.0,0.0,0.0,0.0,0.0,0.0,0.0,2002
162,162,2462,Guy Rucker,1610612744,GSW,25.0,0.0,0.0,0.0,,,,0.0,0.0,0.0,0.0,0.0,0.0,,,,0.0,0.0,0.0,,,,,,,,,,2002
163,163,2045,Hedo Turkoglu,1610612758,SAC,24.0,0.7,1.3,0.534,0.2,0.6,0.341,0.2,0.4,0.5,0.6,1.4,0.411,0.6,1.7,0.367,0.2,0.5,0.379,0.0,0.0,0.0,,,,0.0,0.1,0.0,2002
164,164,270,Horace Grant,1610612753,ORL,37.0,0.4,0.6,0.667,0.0,0.2,0.0,0.4,0.4,1.0,1.4,2.8,0.5,0.4,1.0,0.4,0.0,0.0,0.0,,,,,,,,,,2002
165,165,458,Howard Eisley,1610612752,NYK,30.0,0.7,1.3,0.538,0.1,0.3,0.478,0.1,0.4,0.345,0.4,1.0,0.366,1.3,3.0,0.431,0.6,1.7,0.364,0.0,0.3,0.0,0.0,0.5,0.0,0.0,0.3,0.0,2002
166,166,93,Hubert Davis,1610612765,DET,33.0,0.1,0.2,0.571,0.0,0.0,1.0,0.0,0.1,0.5,0.3,0.6,0.4,0.2,0.5,0.316,0.3,0.7,0.375,0.0,0.3,0.0,0.0,0.0,0.0,0.0,0.0,0.0,2002
167,167,2080,Igor Rakocevic,1610612750,MIN,25.0,0.2,0.4,0.529,0.1,0.1,0.667,0.1,0.2,0.5,0.1,0.5,0.235,0.1,0.4,0.182,0.1,0.2,0.6,0.0,0.5,0.0,0.0,0.0,0.0,0.0,0.0,0.0,2002
168,168,1956,Ira Newble,1610612737,ATL,28.0,1.7,2.6,0.644,0.1,0.3,0.381,0.2,0.6,0.439,0.6,1.6,0.4,0.4,1.2,0.381,0.1,0.2,0.333,0.0,0.0,0.0,0.0,0.0,0.0,0.0,0.1,0.0,2002
169,169,2452,J.R. Bremer,1610612738,BOS,22.0,0.5,1.4,0.367,0.1,0.2,0.5,0.1,0.2,0.333,0.3,0.8,0.422,1.0,2.8,0.374,0.8,2.2,0.349,0.0,0.5,0.0,0.0,0.3,0.0,0.0,0.1,0.0,2002
170,170,1521,Jacque Vaughn,1610612753,ORL,28.0,1.0,2.0,0.509,0.1,0.1,0.5,0.2,0.4,0.4,0.7,1.6,0.434,0.3,0.9,0.365,0.0,0.1,0.286,0.0,0.0,0.0,0.0,0.0,0.0,0.0,0.0,0.0,2002
171,171,1751,Jahidi White,1610612764,WAS,27.0,1.4,2.9,0.5,0.1,0.4,0.333,0.0,0.1,0.0,0.0,0.0,0.0,0.0,0.0,0.0,0.0,0.0,0.0,0.0,0.0,0.0,,,,0.0,0.0,0.0,2002
172,172,2054,Jake Tsakalidis,1610612756,PHX,24.0,1.2,2.5,0.488,0.4,1.1,0.364,0.1,0.4,0.364,0.1,0.2,0.571,0.0,0.0,0.0,0.0,0.0,0.0,0.0,0.0,0.0,,,,0.0,0.0,0.0,2002
173,173,2063,Jake Voskuhl,1610612756,PHX,25.0,1.2,1.8,0.661,0.1,0.3,0.4,0.1,0.2,0.308,0.0,0.2,0.2,0.0,0.0,0.0,0.0,0.0,0.0,0.0,0.0,0.0,0.0,0.0,0.0,0.0,0.0,0.0,2002
174,174,147,Jalen Rose,1610612741,CHI,30.0,1.4,2.9,0.483,0.8,1.9,0.431,1.3,3.1,0.417,2.2,5.7,0.393,1.3,3.6,0.364,0.8,2.0,0.376,0.1,0.3,0.333,0.0,0.1,0.0,0.0,0.1,0.0,2002
175,175,2048,Jamaal Magloire,1610612740,NOH,25.0,2.8,4.8,0.576,0.6,1.7,0.362,0.3,0.8,0.318,0.1,0.3,0.192,0.0,0.0,0.0,0.0,0.0,0.0,0.0,0.0,0.0,0.0,0.0,0.0,0.0,0.2,0.0,2002
176,176,2224,Jamaal Tinsley,1610612754,IND,25.0,1.3,2.1,0.616,0.3,0.7,0.408,0.3,0.8,0.351,0.4,1.2,0.295,0.4,1.5,0.271,0.4,1.3,0.33,0.0,0.1,0.0,0.0,0.3,0.0,0.0,0.3,0.0,2002
177,177,2037,Jamal Crawford,1610612741,CHI,23.0,1.1,2.0,0.528,0.5,1.1,0.4,0.4,1.0,0.408,0.7,2.0,0.356,0.9,2.3,0.406,0.6,1.6,0.387,0.4,0.6,0.6,0.1,0.4,0.25,0.0,0.4,0.0,2002
178,178,469,Jamal Mashburn,1610612740,NOH,30.0,1.7,3.2,0.534,0.9,2.0,0.461,1.9,4.2,0.447,1.8,5.1,0.354,1.5,3.6,0.41,0.4,1.3,0.311,0.0,0.0,0.0,0.0,0.0,0.0,0.0,0.1,0.0,2002
179,179,2441,Jamal Sampson,1610612749,MIL,20.0,0.0,0.4,0.0,0.0,0.0,0.0,0.0,0.0,0.0,0.0,0.0,0.0,0.0,0.0,0.0,0.0,0.0,0.0,,,,,,,,,,2002
180,180,1899,James Posey,1610612745,HOU,26.0,2.0,3.2,0.602,0.2,0.8,0.27,0.1,0.6,0.244,0.4,1.3,0.321,0.7,2.3,0.311,0.3,0.8,0.353,0.0,0.0,0.0,0.0,0.0,0.0,0.0,0.3,0.0,2002
181,181,2249,Jamison Brewer,1610612754,IND,22.0,0.8,1.3,0.615,0.2,0.3,0.5,0.0,0.0,0.0,0.0,0.0,0.0,0.0,0.3,0.0,0.0,0.0,0.0,,,,0.0,0.0,0.0,,,,2002
182,182,2457,Jannero Pargo,1610612747,LAL,23.0,0.2,0.4,0.583,0.0,0.2,0.0,0.1,0.2,0.333,0.5,1.1,0.438,0.3,1.0,0.286,0.2,0.4,0.6,0.0,0.0,0.0,0.0,0.0,0.0,0.0,0.3,0.0,2002
183,183,2407,Jared Jeffries,1610612764,WAS,21.0,1.0,1.9,0.526,0.2,0.3,0.5,0.1,0.2,0.333,0.0,0.3,0.0,0.3,0.5,0.556,0.1,0.1,0.5,0.0,0.0,0.0,0.0,0.0,0.0,,,,2002
184,184,2260,Jarron Collins,1610612762,UTA,24.0,1.2,2.0,0.591,0.0,0.4,0.111,0.2,0.9,0.263,0.3,0.6,0.462,0.0,0.0,0.0,0.0,0.1,0.0,0.0,0.0,0.0,,,,0.0,0.0,0.0,2002
185,185,679,Jason Caffey,1610612749,MIL,30.0,1.5,2.7,0.557,0.3,0.9,0.386,0.2,0.7,0.333,0.1,0.5,0.222,0.0,0.0,0.0,0.0,0.0,0.0,0.0,0.0,0.0,0.0,0.0,0.0,0.0,0.0,0.0,2002
186,186,2044,Jason Collier,1610612745,HOU,25.0,0.9,1.4,0.667,0.3,1.0,0.333,0.0,0.1,0.0,0.0,0.2,0.0,0.1,0.2,0.5,0.0,0.0,0.0,,,,,,,,,,2002
187,187,2215,Jason Collins,1610612751,NJN,24.0,1.1,2.2,0.492,0.1,0.5,0.22,0.2,0.5,0.442,0.3,0.8,0.353,0.0,0.1,0.0,0.0,0.0,0.0,0.0,0.0,0.0,0.0,0.0,0.0,0.0,0.1,0.0,2002
188,188,467,Jason Kidd,1610612751,NJN,30.0,2.2,3.9,0.569,0.3,0.6,0.429,0.5,1.5,0.342,1.5,3.9,0.375,1.5,4.0,0.376,0.5,1.6,0.315,0.0,0.3,0.0,0.0,0.5,0.0,0.0,0.2,0.0,2002
189,189,2202,Jason Richardson,1610612744,GSW,22.0,2.4,4.1,0.58,0.4,1.4,0.289,0.4,1.4,0.31,0.8,2.5,0.322,1.1,2.9,0.381,0.7,1.8,0.381,0.0,0.0,0.0,0.0,0.7,0.0,0.0,0.3,0.0,2002
190,190,1891,Jason Terry,1610612737,ATL,25.0,1.2,2.5,0.495,0.4,0.8,0.475,0.6,1.2,0.537,1.5,3.6,0.423,1.3,3.2,0.405,1.0,2.8,0.344,0.2,0.4,0.5,0.3,0.3,1.0,0.0,0.2,0.0,2002
191,191,1715,Jason Williams,1610612763,MEM,27.0,1.0,1.7,0.553,0.1,0.5,0.25,0.2,0.5,0.4,0.7,1.8,0.406,1.2,3.4,0.352,1.2,3.4,0.357,0.1,0.8,0.167,0.0,0.0,0.0,0.0,0.3,0.0,2002
192,192,2398,Jay Williams,1610612741,CHI,21.0,1.5,2.9,0.509,0.4,1.0,0.421,0.2,0.6,0.37,0.4,1.2,0.341,0.7,2.1,0.335,0.4,1.3,0.316,0.0,0.5,0.0,0.0,0.0,0.0,0.0,0.2,0.0,2002
193,193,1902,Jeff Foster,1610612754,IND,26.0,0.5,1.2,0.456,0.1,0.2,0.267,0.1,0.3,0.25,0.2,0.6,0.261,0.0,0.1,0.4,0.0,0.0,0.0,0.0,0.0,0.0,0.0,0.1,0.0,0.0,0.1,0.0,2002
194,194,976,Jeff McInnis,1610612757,POR,28.0,0.7,1.1,0.576,0.5,1.2,0.458,0.6,1.2,0.453,0.6,1.4,0.444,0.2,0.6,0.31,0.0,0.2,0.083,0.0,0.5,0.0,0.0,0.0,0.0,0.0,0.3,0.0,2002
195,195,2244,Jeff Trepagnier,1610612743,DEN,23.0,1.0,1.9,0.533,0.1,0.1,1.0,0.0,0.5,0.0,0.3,1.0,0.25,0.5,1.3,0.4,0.3,0.5,0.667,0.0,0.0,0.0,,,,0.0,0.0,0.0,2002
196,196,1741,Jelani McCoy,1610612761,TOR,25.0,2.3,3.7,0.62,0.5,1.6,0.337,0.1,0.5,0.114,0.1,0.2,0.333,0.0,0.0,0.0,0.0,0.0,0.0,0.0,0.0,0.0,0.0,0.0,0.0,0.0,0.0,0.0,2002
197,197,1983,Jermaine Jackson,1610612737,ATL,27.0,0.4,0.8,0.511,0.0,0.1,0.2,0.1,0.2,0.3,0.2,0.6,0.333,0.1,0.3,0.2,0.0,0.0,0.5,0.0,0.0,0.0,0.0,0.0,0.0,0.0,1.0,0.0,2002
198,198,979,Jermaine O'Neal,1610612754,IND,24.0,3.8,5.9,0.651,2.2,5.0,0.43,1.1,3.1,0.347,0.7,1.9,0.363,0.1,0.4,0.323,0.1,0.1,0.5,0.0,0.0,0.0,0.0,0.0,0.0,0.0,0.0,0.0,2002
199,199,1744,Jerome James,1610612760,SEA,27.0,1.4,2.2,0.619,0.6,1.7,0.354,0.2,0.6,0.28,0.1,0.2,0.455,0.0,0.0,0.0,0.0,0.0,0.0,0.0,0.0,0.0,0.0,0.0,0.0,0.0,0.0,0.0,2002
200,200,2040,Jerome Moiso,1610612740,NOH,25.0,1.2,1.8,0.689,0.2,0.5,0.458,0.1,0.3,0.25,0.2,0.7,0.289,0.0,0.1,0.333,0.0,0.0,0.0,0.0,0.0,0.0,,,,0.0,0.0,0.0,2002
201,201,966,Jerome Williams,1610612761,TOR,30.0,2.6,4.4,0.597,0.3,0.9,0.349,0.3,0.7,0.34,0.5,1.3,0.374,0.1,0.1,0.556,0.0,0.0,0.0,0.0,0.0,0.0,0.0,0.0,0.0,0.0,0.1,0.0,2002
202,202,711,Jerry Stackhouse,1610612764,WAS,28.0,2.4,4.1,0.585,0.5,1.4,0.361,1.0,2.6,0.383,1.8,4.7,0.38,1.0,3.0,0.319,0.4,1.4,0.295,0.1,0.3,0.333,0.0,0.1,0.0,0.0,0.1,0.0,2002
203,203,2219,Jeryl Sasser,1610612753,ORL,24.0,0.3,0.9,0.358,0.1,0.4,0.304,0.1,0.3,0.227,0.2,0.5,0.3,0.2,0.5,0.364,0.1,0.2,0.25,0.0,0.3,0.0,0.0,0.2,0.0,0.0,0.2,0.0,2002
204,204,754,Jim Jackson,1610612758,SAC,32.0,1.3,2.4,0.547,0.4,0.9,0.421,0.3,0.8,0.385,0.4,1.2,0.373,0.7,1.7,0.422,0.1,0.3,0.25,0.0,0.0,0.0,0.0,0.0,0.0,0.0,0.2,0.0,2002
205,205,2412,Jiri Welsch,1610612744,GSW,23.0,0.2,0.6,0.375,0.0,0.2,0.0,0.1,0.3,0.429,0.2,0.9,0.208,0.1,0.4,0.167,0.0,0.1,0.0,,,,,,,0.0,0.0,0.0,2002
206,206,2207,Joe Johnson,1610612756,PHX,22.0,0.9,2.0,0.451,0.3,0.7,0.433,0.5,1.1,0.437,0.9,2.6,0.365,1.1,2.7,0.403,0.2,0.6,0.255,0.0,0.4,0.0,0.0,0.0,0.0,0.0,0.1,0.0,2002
207,207,693,Joe Smith,1610612750,MIN,27.0,1.4,2.5,0.552,0.2,0.8,0.275,0.3,0.6,0.424,0.8,1.9,0.446,0.1,0.3,0.389,0.0,0.0,0.0,0.0,0.0,0.0,0.0,0.0,0.0,0.0,0.1,0.0,2002
208,208,2038,Joel Przybilla,1610612749,MIL,23.0,0.5,1.1,0.429,0.0,0.1,0.0,0.1,0.1,0.667,0.0,0.1,0.25,0.0,0.0,0.0,0.0,0.0,0.0,0.0,0.0,0.0,,,,0.0,0.0,0.0,2002
209,209,680,John Amaechi,1610612762,UTA,32.0,0.5,1.5,0.37,0.1,0.5,0.19,0.0,0.2,0.167,0.1,0.3,0.313,0.0,0.0,0.0,0.0,0.0,0.0,0.0,0.0,0.0,,,,0.0,0.0,0.0,2002
210,210,180,John Crotty,1610612743,DEN,33.0,0.4,0.8,0.5,0.0,0.3,0.0,0.1,0.2,0.5,0.2,0.8,0.222,0.3,0.9,0.273,0.3,0.5,0.5,,,,0.0,0.0,0.0,0.0,0.0,0.0,2002
211,211,2422,John Salmons,1610612755,PHI,23.0,0.3,0.6,0.5,0.0,0.1,0.2,0.2,0.4,0.529,0.1,0.4,0.35,0.2,0.6,0.321,0.1,0.1,0.5,0.0,0.1,0.0,0.0,0.3,0.0,0.0,0.0,0.0,2002
212,212,304,John Stockton,1610612762,UTA,41.0,1.4,2.5,0.579,0.2,0.5,0.395,0.4,0.8,0.5,1.1,2.4,0.467,0.6,1.4,0.412,0.1,0.4,0.269,0.0,0.0,0.0,0.0,0.0,0.0,0.0,0.1,0.0,2002
213,213,468,Jon Barry,1610612765,DET,33.0,0.5,0.9,0.5,0.0,0.1,0.5,0.1,0.3,0.375,0.4,0.9,0.486,0.7,1.6,0.437,0.7,1.6,0.426,0.0,0.0,0.0,0.0,0.0,0.0,0.0,0.0,0.0,2002
214,214,1886,Jonathan Bender,1610612754,IND,22.0,1.1,1.8,0.583,0.2,0.4,0.438,0.3,0.6,0.429,0.4,1.3,0.333,0.4,1.0,0.372,0.2,0.5,0.348,0.0,0.0,0.0,0.0,0.0,0.0,0.0,0.0,0.0,2002
215,215,2218,Joseph Forte,1610612760,SEA,22.0,0.2,0.4,0.429,0.2,0.8,0.3,0.2,0.3,0.5,0.2,0.8,0.2,0.0,0.2,0.0,0.0,0.1,0.0,,,,,,,,,,2002
216,216,2413,Juan Dixon,1610612764,WAS,24.0,0.6,1.0,0.6,0.2,0.7,0.296,0.3,0.7,0.357,0.6,1.6,0.406,0.5,1.7,0.29,0.5,1.3,0.36,0.0,0.0,0.0,0.0,0.0,0.0,0.0,0.0,0.0,2002
217,217,2143,Juan Sanchez,1610612765,DET,26.0,0.0,0.1,0.0,0.0,0.2,0.0,0.0,0.0,0.0,0.0,0.3,0.0,0.0,0.0,0.0,0.0,0.0,0.0,0.0,0.0,0.0,,,,,,,2002
218,218,1038,Juaquin Hawkins,1610612745,HOU,29.0,0.3,0.5,0.516,0.0,0.2,0.125,0.0,0.1,0.2,0.3,0.7,0.342,0.4,1.2,0.379,0.1,0.2,0.5,0.0,0.0,0.0,0.0,0.0,0.0,0.0,0.0,0.0,2002
219,219,1908,Jumaine Jones,1610612739,CLE,24.0,1.2,1.7,0.667,0.0,0.2,0.176,0.3,0.7,0.442,0.8,1.8,0.438,1.3,3.6,0.375,0.3,0.9,0.275,0.0,0.2,0.0,0.0,0.0,0.0,0.0,0.1,0.0,2002
220,220,2454,Junior Harrington,1610612743,DEN,22.0,0.4,1.0,0.407,0.1,0.6,0.245,0.2,0.5,0.333,0.8,2.1,0.393,0.5,1.3,0.364,0.0,0.2,0.25,0.0,0.0,0.0,0.0,0.3,0.0,0.0,0.2,0.0,2002
221,221,436,Juwan Howard,1610612743,DEN,30.0,2.3,4.0,0.575,1.1,3.0,0.36,1.3,3.3,0.389,2.6,5.7,0.458,0.1,0.4,0.258,0.0,0.0,0.0,0.0,0.0,0.0,0.5,0.5,1.0,0.0,0.1,0.0,2002
222,222,2416,Kareem Rush,1610612747,LAL,22.0,0.5,0.8,0.621,0.1,0.2,0.313,0.1,0.4,0.241,0.3,0.7,0.365,0.2,0.8,0.246,0.2,0.5,0.484,0.0,0.5,0.0,0.0,0.0,0.0,0.0,0.0,0.0,2002
223,223,252,Karl Malone,1610612762,UTA,39.0,2.9,4.5,0.634,0.5,1.3,0.406,0.7,2.2,0.324,2.6,6.3,0.409,0.7,1.6,0.421,0.0,0.0,0.0,0.0,0.0,0.0,0.0,0.0,0.0,0.0,0.0,0.0,2002
224,224,2208,Kedrick Brown,1610612738,BOS,22.0,0.7,1.2,0.607,0.1,0.4,0.222,0.1,0.2,0.545,0.2,0.7,0.25,0.1,0.8,0.135,0.0,0.2,0.0,0.0,0.0,0.0,0.0,0.0,0.0,0.0,0.1,0.0,2002
225,225,1496,Keith Van Horn,1610612755,PHI,27.0,3.1,5.0,0.612,1.1,2.3,0.451,0.5,1.4,0.386,0.5,1.4,0.359,0.6,1.4,0.434,0.5,1.3,0.337,0.0,0.2,0.0,0.0,0.0,0.0,0.0,0.0,0.0,2002
226,226,1509,Kelvin Cato,1610612745,HOU,28.0,1.5,2.4,0.642,0.2,0.6,0.286,0.1,0.4,0.259,0.0,0.1,0.375,0.0,0.0,0.0,0.0,0.0,0.0,0.0,0.3,0.0,0.0,0.0,0.0,0.0,0.1,0.0,2002
227,227,2256,Ken Johnson,1610612748,MIA,25.0,0.1,0.3,0.4,0.5,0.9,0.583,0.4,0.9,0.417,0.1,0.5,0.125,0.0,0.0,0.0,0.0,0.0,0.0,0.0,0.0,0.0,0.0,0.0,0.0,0.0,0.0,0.0,2002
228,228,383,Kendall Gill,1610612750,MIN,35.0,1.2,2.2,0.547,0.1,0.3,0.37,0.2,0.6,0.354,1.2,2.9,0.408,0.7,2.0,0.351,0.1,0.2,0.333,0.0,0.0,0.0,0.0,0.1,0.0,0.0,0.1,0.0,2002
229,229,72,Kenny Anderson,1610612740,NOH,32.0,1.2,2.3,0.522,0.2,0.8,0.298,0.3,0.6,0.441,0.8,2.1,0.382,0.2,0.5,0.444,0.0,0.0,0.0,0.0,0.0,0.0,0.0,0.2,0.0,0.0,0.1,0.0,2002
230,230,2261,Kenny Satterfield,1610612755,PHI,22.0,0.6,1.3,0.431,0.2,1.0,0.194,0.2,0.7,0.263,0.4,1.1,0.366,0.2,0.8,0.179,0.1,0.4,0.154,0.0,0.0,0.0,,,,0.0,0.0,0.0,2002
231,231,1903,Kenny Thomas,1610612755,PHI,25.0,2.7,4.6,0.583,0.7,1.6,0.402,0.2,0.7,0.256,0.4,1.3,0.279,0.1,0.3,0.286,0.0,0.0,0.0,0.0,0.0,0.0,0.0,0.0,0.0,0.0,0.0,0.0,2002
232,232,2030,Kenyon Martin,1610612751,NJN,25.0,4.1,6.4,0.638,1.1,3.0,0.377,0.4,1.4,0.297,0.7,2.1,0.35,0.2,0.9,0.208,0.1,0.2,0.308,0.0,0.1,0.0,0.0,0.0,0.0,0.0,0.1,0.0,2002
233,233,1721,Keon Clark,1610612758,SAC,28.0,1.7,2.6,0.662,0.4,1.1,0.345,0.2,0.6,0.37,0.5,1.3,0.376,0.0,0.1,0.5,0.0,0.0,0.0,0.0,0.0,0.0,0.0,0.0,0.0,0.0,0.1,0.0,2002
234,234,954,Kerry Kittles,1610612751,NJN,29.0,2.5,3.7,0.676,0.2,0.6,0.308,0.1,0.3,0.364,0.7,2.0,0.333,1.3,3.0,0.419,0.4,1.4,0.298,0.0,0.0,0.0,0.0,0.0,0.0,0.0,0.1,0.0,2002
235,235,708,Kevin Garnett,1610612750,MIN,27.0,3.0,4.4,0.69,1.2,3.2,0.379,1.9,3.7,0.513,2.1,4.6,0.451,0.7,1.6,0.439,0.2,0.5,0.318,0.0,0.0,0.0,0.0,0.3,0.0,0.0,0.2,0.0,2002
236,236,1563,Kevin Ollie,1610612760,SEA,30.0,1.1,2.1,0.544,0.2,0.4,0.371,0.2,0.6,0.362,0.6,1.6,0.393,0.3,0.6,0.431,0.0,0.0,0.5,0.0,0.0,0.0,0.0,0.0,0.0,0.0,0.0,0.0,2002
237,237,788,Kevin Willis,1610612759,SAS,40.0,1.1,1.6,0.667,0.2,0.7,0.283,0.3,0.8,0.412,0.2,0.6,0.282,0.0,0.0,0.0,0.0,0.0,0.0,0.0,0.0,0.0,0.0,0.0,0.0,0.0,0.0,0.0,2002
238,238,2039,Keyon Dooling,1610612746,LAC,23.0,0.6,1.2,0.463,0.1,0.3,0.286,0.1,0.3,0.167,0.5,1.0,0.528,0.7,1.8,0.356,0.5,1.4,0.342,0.0,0.0,0.0,0.0,0.0,0.0,0.0,0.0,0.0,2002
239,239,2213,Kirk Haston,1610612740,NOH,24.0,0.0,0.1,0.0,0.0,0.0,0.0,0.1,0.2,0.5,0.1,0.3,0.25,0.0,0.9,0.0,0.0,0.0,0.0,,,,,,,,,,2002
240,240,977,Kobe Bryant,1610612747,LAL,24.0,3.3,5.4,0.621,1.0,2.1,0.443,1.2,3.4,0.371,2.5,6.2,0.401,1.6,3.7,0.435,0.9,2.4,0.38,0.0,0.2,0.0,0.1,0.5,0.167,0.0,0.3,0.0,2002
241,241,703,Kurt Thomas,1610612752,NYK,30.0,1.9,3.5,0.553,1.4,2.7,0.511,1.3,3.0,0.424,1.4,3.2,0.446,0.1,0.2,0.412,0.0,0.0,0.0,0.0,0.0,0.0,0.0,0.0,0.0,0.0,0.1,0.0,2002
242,242,2198,Kwame Brown,1610612764,WAS,21.0,1.6,2.9,0.56,0.5,1.5,0.314,0.5,1.3,0.386,0.2,0.6,0.37,0.0,0.0,0.0,0.0,0.0,0.0,0.0,0.0,0.0,0.0,0.0,0.0,0.0,0.0,0.0,2002
243,243,111,LaPhonso Ellis,1610612748,MIA,33.0,0.6,0.9,0.64,0.2,0.5,0.435,0.2,0.5,0.375,0.2,0.7,0.361,0.5,1.8,0.26,0.3,0.8,0.355,0.0,0.0,0.0,0.0,0.3,0.0,0.0,0.1,0.0,2002
244,244,1885,Lamar Odom,1610612746,LAC,23.0,3.2,5.6,0.574,0.8,1.9,0.419,0.2,0.7,0.294,0.3,1.2,0.281,0.3,1.2,0.22,0.7,1.9,0.351,0.2,0.2,1.0,0.0,0.0,0.0,0.0,0.1,0.0,2002
245,245,1716,Larry Hughes,1610612764,WAS,24.0,1.8,3.0,0.603,0.4,1.2,0.329,0.6,1.6,0.404,1.2,2.7,0.426,0.9,1.9,0.492,0.2,0.7,0.348,0.0,0.0,0.0,0.0,0.3,0.0,0.0,0.1,0.0,2002
246,246,84,Latrell Sprewell,1610612752,NYK,32.0,1.3,2.5,0.511,0.6,1.5,0.407,1.0,2.4,0.412,1.0,2.7,0.357,1.9,4.7,0.402,0.4,1.3,0.274,0.1,0.1,1.0,0.0,0.3,0.0,0.0,0.0,0.0,2002
247,247,2068,Lavor Postell,1610612752,NYK,25.0,0.3,0.6,0.571,0.2,0.3,0.667,0.1,0.2,0.5,0.3,1.5,0.222,0.2,0.5,0.333,0.1,0.2,0.5,0.0,0.0,0.0,,,,,,,2002
248,248,1444,Lawrence Funderburke,1610612758,SAC,32.0,0.7,1.1,0.6,0.2,0.3,0.5,0.1,0.4,0.375,0.2,0.9,0.273,0.0,0.2,0.25,0.0,0.0,0.0,0.0,0.0,0.0,,,,0.0,0.0,0.0,2002
249,249,1924,Lee Nailon,1610612752,NYK,28.0,1.2,2.1,0.603,0.5,1.4,0.356,0.2,0.7,0.333,0.3,1.0,0.343,0.0,0.2,0.143,0.0,0.0,0.0,0.0,0.0,0.0,0.0,0.0,0.0,0.0,0.0,0.0,2002
250,250,283,Lindsey Hunter,1610612761,TOR,32.0,1.0,2.2,0.46,0.2,0.7,0.25,0.2,0.7,0.286,0.6,2.2,0.277,0.9,2.1,0.403,0.8,2.4,0.324,0.0,0.0,0.0,0.0,0.0,0.0,0.0,0.0,0.0,2002
251,251,2437,Lonny Baxter,1610612741,CHI,24.0,1.4,2.5,0.55,0.2,0.7,0.27,0.1,0.3,0.294,0.1,0.2,0.4,0.0,0.0,0.0,0.0,0.0,0.0,0.0,0.0,0.0,0.0,0.2,0.0,0.0,0.0,0.0,2002
252,252,2254,Loren Woods,1610612750,MIN,25.0,0.4,0.8,0.516,0.2,0.4,0.462,0.1,0.8,0.167,0.1,0.3,0.222,0.0,0.1,0.5,0.0,0.1,0.5,0.0,0.3,0.0,,,,0.0,0.0,0.0,2002
253,253,953,Lorenzen Wright,1610612763,MEM,27.0,2.2,4.1,0.546,0.9,2.1,0.426,0.5,1.7,0.328,0.9,2.2,0.429,0.0,0.2,0.273,0.0,0.0,0.0,0.0,0.0,0.0,0.0,0.0,0.0,0.0,0.0,0.0,2002
254,254,446,Lucious Harris,1610612751,NJN,32.0,1.1,1.9,0.596,0.1,0.5,0.278,0.2,0.8,0.3,1.2,3.1,0.407,1.0,2.6,0.382,0.2,0.5,0.289,0.0,0.1,0.0,0.0,0.0,0.0,0.0,0.2,0.0,2002
255,255,1766,Maceo Baston,1610612761,TOR,27.0,0.8,1.1,0.667,0.2,0.3,0.5,0.1,0.1,1.0,0.0,0.2,0.0,0.0,0.0,0.0,0.0,0.0,0.0,,,,,,,0.0,0.0,0.0,2002
256,256,2124,Malik Allen,1610612748,MIA,25.0,0.8,1.5,0.513,0.9,1.9,0.467,0.7,2.1,0.354,1.7,4.0,0.421,0.1,0.4,0.323,0.0,0.0,0.0,0.0,0.0,0.0,0.0,0.0,0.0,0.0,0.0,0.0,2002
257,257,990,Malik Rose,1610612759,SAS,28.0,2.3,4.3,0.539,0.1,0.4,0.294,0.2,0.8,0.292,0.8,2.1,0.395,0.1,0.2,0.421,0.0,0.0,0.0,0.0,0.0,0.0,0.1,0.1,1.0,0.0,0.1,0.0,2002
258,258,2055,Mamadou N'diaye,1610612761,TOR,28.0,1.0,1.8,0.538,0.6,1.5,0.382,0.3,0.8,0.4,0.1,0.4,0.375,0.0,0.0,0.0,0.0,0.0,0.0,0.0,0.0,0.0,0.0,0.0,0.0,0.0,0.0,0.0,2002
259,259,1938,Manu Ginobili,1610612759,SAS,25.0,1.4,2.4,0.575,0.2,0.5,0.333,0.1,0.3,0.348,0.1,0.4,0.32,0.5,1.6,0.321,0.3,0.7,0.429,0.0,0.0,0.0,0.0,0.0,0.0,0.0,0.3,0.0,2002
260,260,1531,Marc Jackson,1610612750,MIN,28.0,1.1,1.8,0.625,0.2,0.7,0.34,0.2,0.5,0.351,0.4,1.4,0.267,0.1,0.3,0.45,0.0,0.0,1.0,0.0,0.0,0.0,0.0,0.0,0.0,0.0,0.0,0.0,2002
261,261,948,Marcus Camby,1610612743,DEN,29.0,1.7,3.2,0.532,0.4,1.2,0.343,0.3,0.8,0.375,0.6,2.1,0.267,0.1,0.4,0.364,0.1,0.1,1.0,0.0,0.0,0.0,,,,0.0,0.1,0.0,2002
262,262,2033,Marcus Fizer,1610612741,CHI,24.0,2.7,4.8,0.565,1.0,2.1,0.463,0.4,1.5,0.286,0.4,1.3,0.34,0.1,0.3,0.4,0.0,0.1,0.0,0.0,0.0,0.0,0.0,0.0,0.0,0.0,0.1,0.0,2002
263,263,2409,Marcus Haislip,1610612749,MIL,22.0,0.8,1.5,0.579,0.2,0.6,0.318,0.2,0.6,0.381,0.4,1.0,0.394,0.1,0.5,0.222,0.0,0.1,0.5,0.0,0.0,0.0,,,,0.0,0.0,0.0,2002
264,264,1548,Mark Blount,1610612738,BOS,27.0,1.0,1.9,0.552,0.3,0.8,0.313,0.3,0.7,0.404,0.3,0.8,0.333,0.0,0.1,0.182,0.0,0.0,0.0,0.0,0.0,0.0,0.0,0.0,0.0,0.0,0.0,0.0,2002
265,265,95,Mark Bryant,1610612738,BOS,38.0,0.1,0.2,0.667,0.0,0.1,0.0,0.2,0.5,0.375,0.0,0.4,0.0,0.0,0.0,0.0,0.0,0.0,0.0,0.0,0.0,0.0,0.0,0.0,0.0,0.0,0.0,0.0,2002
266,266,349,Mark Jackson,1610612762,UTA,38.0,0.6,1.1,0.511,0.2,0.6,0.392,0.3,0.6,0.447,0.3,0.7,0.397,0.3,0.9,0.293,0.2,0.5,0.351,0.0,0.0,0.0,0.0,0.0,0.0,0.0,0.4,0.111,2002
267,267,2058,Mark Madsen,1610612747,LAL,27.0,0.9,1.8,0.495,0.3,0.8,0.359,0.0,0.2,0.222,0.1,0.3,0.25,0.0,0.0,0.0,0.0,0.0,0.0,0.0,0.0,0.0,0.0,0.0,0.0,0.0,0.0,0.0,2002
268,268,1110,Mark Strickland,1610612742,DAL,32.0,0.5,1.0,0.5,0.0,0.0,0.0,0.0,0.3,0.0,0.0,0.0,0.0,0.0,0.0,0.0,0.0,0.0,0.0,,,,,,,,,,2002
269,269,2060,Marko Jaric,1610612746,LAC,24.0,1.1,2.3,0.483,0.1,0.3,0.261,0.1,0.3,0.333,0.3,0.6,0.487,0.7,1.8,0.387,0.4,1.4,0.311,0.0,0.0,0.0,,,,0.0,0.2,0.0,2002
270,270,2043,Mateen Cleaves,1610612758,SAC,25.0,0.2,0.7,0.25,0.0,0.1,0.0,0.0,0.3,0.0,0.2,0.6,0.286,0.1,0.4,0.25,0.1,0.1,1.0,,,,,,,,,,2002
271,271,1723,Matt Harpring,1610612762,UTA,27.0,3.5,5.3,0.671,0.2,0.8,0.311,0.4,1.1,0.427,1.2,3.1,0.391,1.2,2.6,0.446,0.1,0.4,0.333,0.0,0.0,0.0,0.0,0.0,0.0,0.0,0.0,0.0,2002
272,272,1074,Matt Maloney,1610612737,ATL,31.0,0.0,0.0,0.0,0.0,0.0,0.0,0.0,0.2,0.0,0.2,0.3,0.5,0.2,0.8,0.273,0.3,0.8,0.375,,,,,,,0.0,0.0,0.0,2002
273,273,1508,Maurice Taylor,1610612745,HOU,26.0,1.3,2.4,0.535,0.8,1.7,0.44,0.5,1.3,0.365,0.8,2.1,0.403,0.1,0.5,0.229,0.0,0.0,0.0,0.0,0.0,0.0,0.0,0.0,0.0,0.0,0.0,0.0,2002
274,274,2246,Mehmet Okur,1610612765,DET,24.0,1.1,1.9,0.579,0.3,0.9,0.355,0.2,0.6,0.333,0.2,0.7,0.327,0.3,0.9,0.375,0.3,0.9,0.354,0.0,0.0,0.0,0.0,0.0,0.0,0.0,0.0,0.0,2002
275,275,2408,Melvin Ely,1610612746,LAC,25.0,1.2,2.0,0.612,0.4,1.1,0.37,0.1,0.4,0.333,0.1,0.2,0.333,0.0,0.0,0.0,0.0,0.0,0.0,0.0,0.0,0.0,0.0,0.0,0.0,0.0,0.0,0.0,2002
276,276,2370,Mengke Bateer,1610612759,SAS,27.0,0.2,0.5,0.333,0.0,0.2,0.0,0.0,0.3,0.0,0.1,0.2,0.5,0.1,0.5,0.2,0.0,0.1,0.0,,,,,,,,,,2002
277,277,1897,Metta World Peace,1610612754,IND,23.0,2.9,5.2,0.561,0.2,1.1,0.205,0.3,1.0,0.309,0.4,1.3,0.337,0.7,1.9,0.391,0.6,1.8,0.347,0.0,0.0,0.0,0.0,0.3,0.0,0.0,0.0,0.0,2002
278,278,2214,Michael Bradley,1610612761,TOR,24.0,1.7,2.9,0.588,0.3,0.6,0.405,0.1,0.6,0.216,0.1,0.4,0.345,0.0,0.1,0.25,0.0,0.0,0.0,0.0,0.0,0.0,0.0,0.0,0.0,0.0,0.3,0.0,2002
279,279,688,Michael Curry,1610612765,DET,34.0,0.4,0.7,0.518,0.0,0.0,0.0,0.0,0.1,0.222,0.4,0.8,0.5,0.2,0.9,0.265,0.1,0.4,0.37,0.0,0.0,0.0,0.0,0.0,0.0,0.0,0.0,0.0,2002
280,280,1722,Michael Dickerson,1610612763,MEM,28.0,0.7,1.2,0.571,0.0,0.2,0.0,0.2,0.2,1.0,0.0,0.3,0.0,0.7,1.5,0.444,0.3,1.0,0.25,,,,,,,0.0,0.0,0.0,2002
281,281,1720,Michael Doleac,1610612752,NYK,26.0,0.4,1.0,0.434,0.2,0.5,0.343,0.4,0.8,0.542,0.8,2.0,0.416,0.1,0.3,0.292,0.0,0.0,0.0,0.0,0.0,0.0,0.0,0.0,0.0,0.0,0.0,0.0,2002
282,282,714,Michael Finley,1610612742,DAL,30.0,2.1,3.7,0.574,0.5,1.5,0.347,0.9,2.0,0.438,1.4,3.7,0.373,2.1,5.1,0.409,0.4,1.3,0.3,0.0,0.3,0.0,0.0,0.0,0.0,0.0,0.2,0.0,2002
283,283,893,Michael Jordan,1610612764,WAS,40.0,1.7,3.0,0.577,0.4,1.2,0.361,1.7,3.9,0.429,3.6,8.5,0.421,0.7,1.6,0.477,0.1,0.4,0.273,0.0,0.0,0.0,0.0,0.5,0.0,0.0,0.1,0.0,2002
284,284,1709,Michael Olowokandi,1610612746,LAC,28.0,1.5,2.6,0.581,3.0,7.0,0.434,0.6,2.2,0.25,0.1,0.3,0.273,0.0,0.0,0.0,0.0,0.0,0.0,0.0,0.0,0.0,0.0,0.0,0.0,0.0,0.0,0.0,2002
285,285,2072,Michael Redd,1610612749,MIL,23.0,1.8,2.7,0.649,0.3,0.8,0.422,0.3,1.0,0.346,0.6,1.5,0.409,1.4,3.5,0.41,1.1,2.4,0.453,0.0,0.1,0.0,0.0,0.0,0.0,0.0,0.0,0.0,2002
286,286,1565,Michael Stewart,1610612739,CLE,28.0,0.2,0.4,0.579,0.0,0.2,0.125,0.1,0.2,0.25,0.0,0.0,0.0,0.0,0.0,0.0,0.0,0.0,0.0,0.0,0.0,0.0,,,,0.0,0.0,0.0,2002
287,287,2471,Mike Batiste,1610612763,MEM,25.0,1.3,2.1,0.643,0.2,0.6,0.31,0.3,0.8,0.404,0.4,1.1,0.365,0.3,1.3,0.271,0.0,0.4,0.12,0.0,0.0,0.0,0.0,0.3,0.0,0.0,0.2,0.0,2002
288,288,1710,Mike Bibby,1610612758,SAC,25.0,1.8,2.9,0.637,0.3,0.9,0.36,0.4,0.9,0.458,1.5,3.7,0.408,1.7,3.7,0.449,0.2,0.5,0.433,0.0,0.3,0.0,0.0,0.0,0.0,0.0,0.1,0.0,2002
289,289,2399,Mike Dunleavy,1610612744,GSW,22.0,0.8,1.5,0.561,0.1,0.4,0.265,0.1,0.4,0.207,0.3,0.7,0.431,0.5,1.4,0.357,0.3,0.8,0.328,0.0,0.0,0.0,0.0,0.0,0.0,0.0,0.2,0.0,2002
290,290,2229,Mike James,1610612748,MIA,28.0,1.0,2.0,0.519,0.2,0.5,0.333,0.1,0.2,0.368,0.4,1.2,0.347,0.8,2.4,0.332,0.3,1.3,0.256,0.0,0.0,0.0,0.0,0.0,0.0,0.0,0.1,0.0,2002
291,291,2034,Mike Miller,1610612763,MEM,23.0,2.2,3.6,0.61,0.2,0.6,0.35,0.1,0.5,0.3,0.8,2.2,0.38,1.5,4.0,0.386,0.8,2.3,0.344,0.0,0.0,0.0,0.0,0.0,0.0,0.0,0.1,0.0,2002
292,292,2366,Mike Wilks,1610612750,MIN,24.0,0.4,0.9,0.405,0.1,0.3,0.364,0.0,0.2,0.286,0.2,0.7,0.323,0.3,1.0,0.317,0.1,0.3,0.333,0.0,0.0,0.0,0.0,1.0,0.0,0.0,0.2,0.0,2002
293,293,1630,Mikki Moore,1610612737,ATL,27.0,0.3,0.5,0.5,0.0,0.2,0.0,0.2,0.2,1.0,0.1,0.8,0.167,0.1,0.1,1.0,0.0,0.0,0.0,,,,,,,0.0,0.0,0.0,2002
294,294,1960,Milt Palacio,1610612739,CLE,25.0,1.0,2.0,0.51,0.0,0.1,0.3,0.2,0.5,0.389,0.7,1.7,0.397,0.1,0.4,0.206,0.1,0.1,0.5,0.0,0.0,0.0,0.0,0.0,0.0,0.0,0.3,0.0,2002
295,295,42,Monty Williams,1610612755,PHI,31.0,1.1,2.4,0.451,0.1,0.2,0.5,0.2,0.6,0.333,0.2,0.5,0.455,0.0,0.0,0.0,0.0,0.1,0.0,0.0,0.0,0.0,,,,0.0,0.3,0.0,2002
296,296,983,Moochie Norris,1610612745,HOU,29.0,0.4,1.1,0.393,0.2,0.5,0.487,0.2,0.4,0.621,0.4,0.9,0.421,0.3,0.8,0.353,0.1,0.3,0.261,0.0,0.5,0.0,0.0,0.0,0.0,0.0,0.4,0.0,2002
297,297,2050,Morris Peterson,1610612761,TOR,25.0,2.0,3.4,0.578,0.4,1.0,0.358,0.2,0.9,0.208,0.8,2.3,0.353,1.3,3.7,0.359,0.5,1.7,0.295,0.0,0.5,0.0,0.0,0.0,0.0,0.0,0.4,0.111,2002
298,298,1572,Nate Huffman,1610612761,TOR,28.0,1.0,2.4,0.412,0.3,1.2,0.286,0.0,0.0,0.0,0.0,0.1,0.0,0.0,0.0,0.0,0.0,0.0,0.0,0.0,0.0,0.0,,,,,,,2002
299,299,1737,Nazr Mohammed,1610612737,ATL,25.0,1.1,2.1,0.541,0.4,0.9,0.4,0.2,0.9,0.25,0.2,0.6,0.318,0.0,0.0,0.0,0.0,0.0,0.0,0.0,0.0,0.0,,,,0.0,0.0,0.0,2002
300,300,2403,Nene,1610612743,DEN,20.0,3.4,5.4,0.623,0.4,1.2,0.306,0.1,0.3,0.269,0.2,0.7,0.263,0.0,0.1,0.2,0.0,0.0,0.0,0.0,0.2,0.0,0.0,0.0,0.0,0.0,0.1,0.0,2002
301,301,89,Nick Van Exel,1610612742,DAL,31.0,1.1,2.2,0.506,1.1,2.1,0.517,0.4,1.3,0.29,0.3,0.9,0.275,1.3,3.5,0.383,0.6,1.4,0.381,0.0,0.0,0.0,0.0,0.2,0.0,0.0,0.1,0.333,2002
302,302,2401,Nikoloz Tskitishvili,1610612743,DEN,20.0,0.4,1.0,0.402,0.1,0.3,0.231,0.1,0.4,0.267,0.3,0.9,0.311,0.4,1.6,0.25,0.2,0.8,0.255,0.0,0.0,0.0,0.0,0.0,0.0,0.0,0.1,0.0,2002
303,303,2071,Olumide Oyedeji,1610612753,ORL,22.0,0.3,0.6,0.438,0.1,0.2,0.5,0.0,0.0,0.0,0.0,0.1,0.333,0.0,0.0,0.0,0.0,0.0,0.0,0.0,0.0,0.0,,,,0.0,0.0,0.0,2002
304,304,2351,Oscar Torres,1610612744,GSW,26.0,0.2,0.5,0.333,0.1,0.2,0.5,0.1,0.3,0.333,0.2,0.5,0.429,0.4,0.8,0.5,0.3,0.5,0.6,,,,,,,0.0,0.0,0.0,2002
305,305,970,Othella Harrington,1610612752,NYK,29.0,2.0,3.1,0.634,0.4,1.1,0.402,0.4,0.9,0.47,0.2,0.8,0.233,0.0,0.0,0.0,0.0,0.0,0.0,0.0,0.0,0.0,0.0,0.0,0.0,0.0,0.0,0.0,2002
306,306,136,P.J. Brown,1610612740,NOH,33.0,1.8,3.0,0.578,0.4,1.0,0.423,0.8,1.6,0.504,1.1,2.0,0.545,0.0,0.1,0.5,0.0,0.0,0.0,0.0,0.0,0.0,0.0,0.0,0.0,0.0,0.0,0.0,2002
307,307,2469,Pat Burke,1610612753,ORL,29.0,0.9,1.8,0.495,0.2,0.5,0.387,0.2,0.3,0.563,0.4,1.3,0.289,0.2,0.9,0.255,0.0,0.0,0.0,0.0,0.0,0.0,0.0,0.3,0.0,0.0,0.1,0.0,2002
308,308,1727,Pat Garrity,1610612753,ORL,26.0,0.4,0.7,0.556,0.1,0.2,0.333,0.1,0.3,0.455,0.7,1.8,0.404,1.7,3.7,0.449,0.9,2.5,0.356,0.0,0.0,0.0,0.0,0.0,0.0,0.0,0.0,0.0,2002
309,309,2200,Pau Gasol,1610612763,MEM,22.0,4.0,6.1,0.652,1.5,3.7,0.415,0.6,1.7,0.384,0.7,1.7,0.378,0.1,0.2,0.3,0.0,0.0,0.25,0.0,0.1,0.0,0.0,0.0,0.0,0.0,0.0,0.0,2002
310,310,1718,Paul Pierce,1610612738,BOS,25.0,3.8,6.3,0.607,0.2,0.9,0.216,0.7,2.0,0.353,1.8,5.0,0.368,1.1,3.4,0.33,0.7,2.4,0.287,0.0,0.1,0.0,0.0,0.0,0.0,0.0,0.3,0.0,2002
311,311,2321,Paul Shirley,1610612737,ATL,25.0,0.0,1.0,0.0,0.0,1.0,0.0,0.0,0.0,0.0,0.0,0.5,0.0,0.0,0.0,0.0,,,,,,,,,,,,,2002
312,312,978,Peja Stojakovic,1610612758,SAC,26.0,2.5,3.6,0.704,0.2,0.6,0.395,0.3,0.8,0.393,1.3,2.6,0.497,2.0,4.8,0.415,0.6,1.9,0.29,0.0,0.0,0.0,0.0,0.0,0.0,0.0,0.3,0.125,2002
313,313,461,Popeye Jones,1610612742,DAL,33.0,0.4,0.9,0.458,0.3,0.6,0.5,0.1,0.4,0.333,0.2,0.6,0.267,0.0,0.1,0.0,0.0,0.0,0.0,,,,,,,0.0,0.0,0.0,2002
314,314,1542,Predrag Drobnjak,1610612760,SEA,27.0,1.2,2.5,0.488,0.4,1.2,0.371,0.4,0.9,0.479,1.3,3.4,0.383,0.4,1.2,0.353,0.2,0.5,0.359,0.0,0.0,0.0,0.0,0.0,0.0,0.0,0.0,0.0,2002
315,315,2453,Predrag Savovic,1610612743,DEN,27.0,0.6,1.2,0.455,0.1,0.2,0.4,0.1,0.2,0.333,0.2,0.7,0.294,0.2,0.7,0.278,0.0,0.8,0.059,0.0,0.0,0.0,,,,0.0,0.0,0.0,2002
316,316,2056,Primoz Brezec,1610612754,IND,23.0,0.4,0.6,0.571,0.3,0.5,0.5,0.3,0.4,0.6,0.0,0.5,0.0,0.0,0.1,0.0,0.0,0.0,0.0,,,,0.0,0.0,0.0,0.0,0.5,0.0,2002
317,317,2047,Quentin Richardson,1610612746,LAC,23.0,1.7,3.7,0.464,0.2,0.7,0.35,0.0,0.4,0.077,0.2,0.6,0.368,0.5,1.6,0.301,0.8,2.1,0.361,0.0,0.5,0.0,0.0,0.8,0.0,0.0,0.3,0.0,2002
318,318,2417,Qyntel Woods,1610612757,POR,22.0,0.6,0.9,0.612,0.1,0.2,0.333,0.1,0.5,0.313,0.3,0.6,0.462,0.2,0.4,0.476,0.0,0.0,0.0,,,,,,,0.0,0.0,0.0,2002
319,319,1711,Raef LaFrentz,1610612742,DAL,27.0,2.3,3.7,0.629,0.1,0.3,0.333,0.1,0.2,0.25,0.5,1.1,0.44,0.8,1.8,0.419,0.2,0.4,0.4,0.0,0.0,0.0,0.0,0.0,0.0,0.0,0.0,0.0,2002
320,320,1747,Rafer Alston,1610612761,TOR,26.0,0.9,1.8,0.494,0.3,0.5,0.48,0.1,0.3,0.357,0.4,1.1,0.365,0.8,2.1,0.367,0.6,1.4,0.419,0.0,0.0,0.0,0.0,0.0,0.0,0.0,0.1,0.0,2002
321,321,1952,Raja Bell,1610612742,DAL,26.0,0.4,0.7,0.608,0.0,0.1,0.333,0.1,0.2,0.364,0.2,0.6,0.391,0.4,1.2,0.372,0.1,0.1,0.714,,,,0.0,0.0,0.0,0.0,0.1,0.0,2002
322,322,753,Randy Brown,1610612756,PHX,35.0,0.1,0.3,0.333,0.0,0.0,1.0,0.1,0.2,0.333,0.3,0.8,0.346,0.0,0.0,1.0,0.0,0.0,0.0,0.0,0.0,0.0,,,,0.0,0.0,0.0,2002
323,323,988,Randy Livingston,1610612740,NOH,28.0,0.5,1.0,0.5,0.0,0.0,0.0,0.0,0.5,0.0,0.0,0.0,0.0,0.5,0.5,1.0,0.0,0.0,0.0,,,,,,,,,,2002
324,324,1740,Rashard Lewis,1610612760,SEA,23.0,2.5,4.0,0.608,1.3,2.7,0.478,0.7,1.8,0.404,1.0,2.9,0.36,0.9,2.5,0.372,0.3,0.9,0.303,0.0,0.0,0.0,0.0,0.0,0.0,0.0,0.2,0.0,2002
325,325,739,Rasheed Wallace,1610612757,POR,28.0,2.4,3.5,0.67,1.0,2.5,0.416,1.0,1.9,0.518,0.8,2.1,0.405,1.3,3.5,0.375,0.5,1.4,0.333,0.0,0.3,0.0,0.0,0.2,0.0,0.0,0.1,0.333,2002
326,326,1725,Rasho Nesterovic,1610612750,MIN,27.0,2.6,4.1,0.631,1.4,2.7,0.527,0.4,1.2,0.333,0.7,1.8,0.422,0.1,0.2,0.462,0.0,0.0,0.0,0.0,0.3,0.0,0.0,0.0,0.0,0.0,0.0,0.0,2002
327,327,2446,Rasual Butler,1610612748,MIA,24.0,0.7,1.4,0.461,0.2,0.5,0.353,0.4,1.2,0.372,0.8,2.1,0.367,0.6,2.4,0.26,0.4,0.7,0.525,0.0,0.0,0.0,0.0,0.3,0.0,0.0,0.0,0.0,2002
328,328,951,Ray Allen,1610612760,SEA,27.0,2.0,3.4,0.588,0.7,1.9,0.361,1.4,2.7,0.505,1.0,2.4,0.4,1.5,4.0,0.382,1.3,3.5,0.384,0.0,0.0,0.0,0.1,0.3,0.333,0.0,0.3,0.167,2002
329,329,2501,Reggie Evans,1610612760,SEA,23.0,0.8,1.6,0.5,0.0,0.2,0.25,0.1,0.1,0.571,0.1,0.3,0.412,0.0,0.0,0.0,0.0,0.0,0.0,0.0,0.0,0.0,0.0,0.0,0.0,0.0,0.0,0.0,2002
330,330,397,Reggie Miller,1610612754,IND,37.0,1.1,1.5,0.72,0.1,0.3,0.333,0.2,0.4,0.452,0.6,1.5,0.437,1.0,2.9,0.36,1.0,2.5,0.381,0.0,0.3,0.0,0.0,0.0,0.0,0.0,0.2,0.0,2002
331,331,1073,Reggie Slater,1610612750,MIN,32.0,0.9,1.5,0.6,0.1,0.3,0.333,0.0,0.1,0.0,0.0,0.1,0.333,0.0,0.0,0.0,0.0,0.0,0.0,0.0,0.0,0.0,0.0,0.0,0.0,0.0,0.0,0.0,2002
332,332,1888,Richard Hamilton,1610612765,DET,25.0,2.4,4.2,0.581,0.4,1.1,0.337,1.2,2.6,0.472,2.2,5.4,0.41,0.6,1.7,0.333,0.1,0.6,0.184,0.0,0.0,0.0,0.0,0.1,0.0,0.0,0.0,0.0,2002
333,333,2210,Richard Jefferson,1610612751,NJN,23.0,3.4,5.3,0.644,0.4,1.2,0.38,0.3,0.8,0.338,1.0,2.7,0.37,0.6,1.4,0.422,0.0,0.1,0.143,0.0,0.0,0.0,0.0,0.0,0.0,0.0,0.0,1.0,2002
334,334,1594,Rick Brunson,1610612741,CHI,31.0,0.2,0.5,0.5,0.1,0.2,0.5,0.1,0.1,0.5,0.7,1.5,0.458,0.4,0.9,0.417,0.1,0.2,0.5,0.0,0.0,0.0,,,,0.0,0.0,0.0,2002
335,335,296,Rick Fox,1610612747,LAL,33.0,1.0,1.6,0.616,0.2,0.5,0.324,0.4,0.9,0.38,0.4,1.0,0.397,1.0,2.6,0.407,0.5,1.5,0.316,,,,0.0,0.0,0.0,0.0,0.1,0.0,2002
336,336,1729,Ricky Davis,1610612739,CLE,23.0,2.7,4.5,0.605,0.4,1.0,0.341,0.9,2.6,0.348,2.2,6.6,0.337,1.1,2.8,0.379,0.4,1.0,0.387,0.0,0.5,0.0,0.0,0.3,0.0,0.0,0.3,0.0,2002
337,337,2425,Robert Archibald,1610612763,MEM,23.0,0.4,0.9,0.455,0.0,0.3,0.0,0.0,0.2,0.0,0.1,0.3,0.333,0.0,0.1,0.0,0.0,0.0,0.0,0.0,0.0,0.0,,,,0.0,0.0,0.0,2002
338,338,109,Robert Horry,1610612747,LAL,32.0,1.0,1.8,0.586,0.2,0.5,0.308,0.2,0.5,0.316,0.3,0.8,0.349,0.4,1.4,0.296,0.3,1.0,0.278,0.0,0.0,0.0,0.0,0.2,0.0,0.0,0.0,0.0,2002
339,339,123,Robert Pack,1610612740,NOH,34.0,0.8,1.8,0.429,0.2,0.5,0.364,0.2,0.4,0.444,0.5,1.3,0.412,0.3,0.9,0.375,0.0,0.1,0.0,0.0,0.0,0.0,0.0,0.5,0.0,0.0,0.0,0.0,2002
340,340,1714,Robert Traylor,1610612740,NOH,26.0,1.1,2.1,0.537,0.1,0.4,0.222,0.1,0.2,0.267,0.2,0.5,0.361,0.0,0.2,0.2,0.0,0.0,0.5,0.0,0.0,0.0,0.0,0.0,0.0,0.0,0.0,0.0,2002
341,341,393,Rod Strickland,1610612750,MIN,36.0,0.9,1.5,0.571,0.3,0.6,0.467,0.4,1.0,0.4,0.8,1.9,0.433,0.2,0.8,0.243,0.0,0.1,0.0,0.0,0.0,0.0,0.0,0.0,0.0,0.0,0.2,0.0,2002
342,342,915,Rodney Rogers,1610612751,NJN,32.0,1.2,2.2,0.526,0.2,0.7,0.349,0.1,0.3,0.381,0.4,1.3,0.33,0.5,1.6,0.318,0.3,0.7,0.386,0.0,0.0,0.0,0.0,0.0,0.0,0.0,0.0,0.0,2002
343,343,2206,Rodney White,1610612743,DEN,23.0,1.4,2.4,0.594,0.6,1.4,0.418,0.2,0.5,0.364,0.7,2.0,0.34,0.7,2.1,0.349,0.1,0.7,0.136,0.0,0.3,0.0,0.0,0.3,0.0,0.0,0.1,0.0,2002
344,344,2427,Roger Mason Jr.,1610612741,CHI,22.0,0.0,0.0,0.0,0.0,0.2,0.0,0.0,0.1,0.0,0.2,0.4,0.5,0.4,0.7,0.5,0.2,0.8,0.3,,,,0.0,0.5,0.0,0.0,0.0,0.0,2002
345,345,1500,Ron Mercer,1610612754,IND,27.0,0.8,1.5,0.541,0.1,0.3,0.292,0.3,0.6,0.413,1.5,4.3,0.359,0.6,1.4,0.451,0.0,0.1,0.375,0.0,0.0,0.0,0.0,0.0,0.0,0.0,0.2,0.0,2002
346,346,2436,Ronald Murray,1610612760,SEA,23.0,0.6,1.1,0.533,0.1,0.4,0.333,0.1,0.3,0.333,0.1,0.4,0.25,0.0,0.3,0.0,0.0,0.3,0.0,,,,,,,,,,2002
347,347,2257,Ruben Boumtje-Boumtje,1610612757,POR,25.0,0.0,0.0,0.0,0.0,1.0,0.0,,,,0.0,0.0,0.0,0.0,0.0,0.0,0.0,0.0,0.0,,,,,,,,,,2002
348,348,1739,Ruben Patterson,1610612757,POR,27.0,2.6,4.3,0.598,0.3,0.7,0.385,0.1,0.3,0.292,0.3,0.9,0.311,0.1,0.2,0.235,0.0,0.1,0.143,0.0,0.0,0.0,0.0,0.2,0.0,0.0,0.3,0.0,2002
349,349,2106,Ruben Wolkowyski,1610612738,BOS,29.0,0.3,0.3,1.0,0.0,0.0,0.0,0.0,0.0,0.0,0.0,0.2,0.0,0.0,0.2,0.0,0.0,0.0,0.0,,,,,,,0.0,0.0,0.0,2002
350,350,1763,Ryan Bowen,1610612743,DEN,27.0,1.0,1.8,0.541,0.1,0.2,0.545,0.1,0.1,0.429,0.4,0.9,0.473,0.0,0.2,0.1,0.0,0.1,0.5,0.0,0.0,0.0,0.0,1.0,0.0,0.0,0.0,0.0,2002
351,351,2415,Ryan Humphrey,1610612763,MEM,23.0,0.5,1.4,0.379,0.1,0.7,0.12,0.2,0.4,0.429,0.0,0.3,0.071,0.0,0.0,0.0,0.0,0.0,0.0,0.0,0.0,0.0,0.0,0.0,0.0,0.0,0.0,0.0,2002
352,352,208,Sam Cassell,1610612749,MIL,33.0,1.3,2.1,0.608,0.7,1.5,0.479,1.9,4.1,0.462,2.0,4.4,0.463,0.9,1.9,0.459,0.2,0.9,0.242,0.2,0.5,0.333,0.0,0.3,0.0,0.0,0.2,0.0,2002
353,353,955,Samaki Walker,1610612747,LAL,27.0,1.0,2.1,0.5,0.4,1.0,0.388,0.2,0.6,0.314,0.1,0.5,0.29,0.0,0.0,0.0,0.0,0.0,0.0,,,,0.0,0.0,0.0,0.0,0.0,0.0,2002
354,354,1513,Scot Pollard,1610612758,SAC,28.0,1.4,2.7,0.525,0.3,0.6,0.5,0.0,0.3,0.143,0.0,0.2,0.0,0.0,0.0,0.0,0.0,0.0,0.0,0.0,0.0,0.0,0.0,0.0,0.0,0.0,0.0,0.0,2002
355,355,1909,Scott Padgett,1610612762,UTA,27.0,0.8,1.5,0.5,0.1,0.3,0.238,0.1,0.3,0.364,0.4,1.0,0.38,0.6,1.5,0.371,0.3,0.8,0.36,0.0,0.3,0.0,0.0,0.0,0.0,0.0,0.0,0.0,2002
356,356,281,Scott Williams,1610612756,PHX,35.0,0.7,1.3,0.534,0.2,0.5,0.313,0.3,0.7,0.356,0.7,1.8,0.372,0.0,0.1,0.5,0.0,0.0,0.0,0.0,0.3,0.0,,,,0.0,0.2,0.0,2002
357,357,937,Scottie Pippen,1610612757,POR,37.0,1.6,2.7,0.603,0.4,0.8,0.444,0.4,0.8,0.46,0.8,1.8,0.44,0.8,2.4,0.308,0.3,0.8,0.304,0.0,0.0,0.0,0.0,0.0,0.0,0.0,0.1,0.0,2002
358,358,2253,Sean Lampley,1610612748,MIA,23.0,1.0,1.8,0.571,0.2,0.9,0.276,0.3,0.4,0.615,0.1,0.5,0.222,0.0,0.2,0.0,0.0,0.0,0.0,,,,0.0,0.0,0.0,0.0,0.0,0.0,2002
359,359,1752,Sean Marks,1610612748,MIA,27.0,0.4,0.8,0.526,0.0,0.1,0.0,0.1,0.2,0.5,0.4,1.2,0.296,0.1,0.4,0.25,0.0,0.0,0.0,0.0,0.0,0.0,,,,0.0,0.0,0.0,2002
360,360,399,Sean Rooks,1610612746,LAC,33.0,0.4,0.7,0.587,0.2,0.3,0.458,0.2,0.7,0.25,0.9,2.1,0.432,0.2,0.5,0.375,0.0,0.0,0.0,0.0,0.0,0.0,0.0,0.0,0.0,0.0,0.0,0.0,2002
361,361,1742,Shammond Williams,1610612743,DEN,28.0,0.8,1.5,0.543,0.1,0.4,0.148,0.1,0.4,0.222,0.4,1.0,0.35,1.1,2.6,0.42,0.5,1.6,0.336,0.1,0.3,0.333,0.0,0.3,0.0,0.0,0.1,0.333,2002
362,362,1000,Shandon Anderson,1610612752,NYK,29.0,1.6,2.7,0.574,0.2,0.6,0.356,0.3,0.8,0.355,0.3,0.7,0.426,0.7,1.7,0.397,0.1,0.2,0.313,0.0,0.0,0.0,0.0,0.0,0.0,0.0,0.1,0.0,2002
363,363,2203,Shane Battier,1610612763,MEM,24.0,1.2,1.9,0.628,0.3,0.5,0.513,0.2,0.6,0.36,0.7,1.4,0.509,0.9,2.0,0.428,0.3,0.8,0.333,0.0,0.4,0.0,0.3,0.5,0.5,0.0,0.0,0.0,2002
364,364,406,Shaquille O'Neal,1610612747,LAL,31.0,7.7,10.8,0.713,2.4,6.0,0.4,0.3,1.2,0.235,0.0,0.1,0.0,0.0,0.0,0.0,0.0,0.0,0.0,0.0,0.0,0.0,0.0,0.0,0.0,0.0,0.0,0.0,2002
365,365,949,Shareef Abdur-Rahim,1610612737,ATL,26.0,3.4,5.6,0.604,1.3,3.0,0.417,0.7,1.7,0.423,1.1,2.9,0.385,0.4,1.0,0.405,0.1,0.4,0.303,0.0,0.0,0.0,0.0,0.0,0.0,0.0,0.1,0.0,2002
366,366,762,Shawn Bradley,1610612742,DAL,31.0,1.8,2.6,0.673,0.3,0.7,0.442,0.1,0.4,0.3,0.3,0.9,0.329,0.0,0.1,0.375,0.0,0.0,0.0,0.0,0.0,0.0,0.0,0.0,0.0,0.0,0.1,0.0,2002
367,367,431,Shawn Kemp,1610612753,ORL,33.0,1.4,2.9,0.48,0.1,0.3,0.2,0.1,0.4,0.294,0.8,2.2,0.394,0.3,0.7,0.385,0.0,0.0,0.0,0.0,0.0,0.0,0.0,0.0,0.0,0.0,0.0,0.0,2002
368,368,1890,Shawn Marion,1610612756,PHX,25.0,2.6,4.0,0.64,0.9,2.2,0.383,1.1,2.9,0.397,1.6,3.7,0.432,1.6,4.0,0.405,0.3,1.1,0.292,0.0,0.0,0.0,0.0,0.0,0.0,0.0,0.1,0.0,2002
369,369,2098,Slava Medvedenko,1610612747,LAL,24.0,0.9,1.7,0.54,0.3,0.9,0.357,0.4,0.9,0.409,0.5,1.3,0.385,0.0,0.1,0.0,0.0,0.0,0.0,0.0,0.0,0.0,0.0,0.0,0.0,0.0,0.2,0.0,2002
370,370,2470,Smush Parker,1610612739,CLE,22.0,1.2,2.2,0.548,0.1,0.4,0.208,0.1,0.3,0.333,0.1,0.3,0.273,0.4,1.3,0.326,0.2,0.6,0.278,0.0,0.0,0.0,0.0,0.0,0.0,0.0,0.2,0.0,2002
371,371,2066,Soumaila Samake,1610612747,LAL,25.0,0.5,1.1,0.429,0.3,0.7,0.4,0.2,0.6,0.4,0.0,0.0,0.0,0.0,0.0,0.0,0.0,0.0,0.0,,,,,,,0.0,0.0,0.0,2002
372,372,2049,Speedy Claxton,1610612759,SAS,25.0,1.0,1.7,0.596,0.0,0.3,0.1,0.0,0.3,0.1,0.7,1.3,0.553,0.4,1.0,0.448,0.0,0.2,0.0,,,,0.0,0.0,0.0,0.0,0.1,0.0,2002
373,373,278,Stacey Augmon,1610612740,NOH,34.0,0.6,1.0,0.609,0.2,0.4,0.435,0.2,0.7,0.333,0.2,0.6,0.25,0.0,0.1,0.167,0.0,0.1,0.0,0.0,0.0,0.0,0.0,0.2,0.0,0.0,0.0,0.0,2002
374,374,1536,Stephen Jackson,1610612759,SAS,25.0,2.4,4.0,0.596,0.1,0.3,0.231,0.2,0.5,0.324,0.5,1.1,0.424,1.0,3.3,0.317,0.4,1.2,0.326,0.0,0.0,0.0,0.0,0.0,0.0,0.0,0.0,0.0,2002
375,375,950,Stephon Marbury,1610612756,PHX,26.0,3.9,7.3,0.533,0.9,1.8,0.483,0.5,1.4,0.386,1.3,3.3,0.398,1.1,3.1,0.357,0.6,1.9,0.314,0.0,0.4,0.0,0.0,0.2,0.0,0.0,0.3,0.0,2002
376,376,1883,Steve Francis,1610612745,HOU,26.0,3.6,6.4,0.563,0.1,0.6,0.191,0.2,0.8,0.246,1.5,3.7,0.397,1.1,3.0,0.372,0.6,1.6,0.344,0.2,0.5,0.4,0.0,0.1,0.0,0.0,0.4,0.0,2002
377,377,70,Steve Kerr,1610612759,SAS,37.0,0.0,0.0,0.667,0.1,0.2,0.385,0.2,0.3,0.542,0.4,0.9,0.414,0.6,1.2,0.506,0.3,0.9,0.286,0.0,0.0,0.0,0.0,0.0,0.0,0.0,0.1,0.0,2002
378,378,959,Steve Nash,1610612742,DAL,29.0,2.4,4.0,0.587,0.6,1.6,0.408,0.7,1.7,0.397,0.9,2.2,0.399,1.3,2.9,0.452,0.5,1.3,0.384,0.0,0.5,0.0,0.0,0.0,0.0,0.0,0.0,0.0,2002
379,379,2212,Steven Hunter,1610612753,ORL,21.0,1.3,2.3,0.587,0.2,0.6,0.353,0.1,0.3,0.5,0.1,0.1,0.667,0.0,0.0,0.0,0.0,0.0,0.0,0.0,0.0,0.0,0.0,0.0,0.0,0.0,0.0,0.0,2002
380,380,120,Steven Smith,1610612759,SAS,34.0,0.6,1.0,0.582,0.4,0.7,0.543,0.1,0.5,0.25,0.3,0.8,0.295,0.6,2.0,0.311,0.2,0.5,0.391,0.0,0.0,0.0,0.0,0.0,0.0,0.0,0.0,0.0,2002
381,381,2031,Stromile Swift,1610612763,MEM,23.0,2.5,4.3,0.585,0.6,1.5,0.373,0.2,0.7,0.279,0.2,0.7,0.306,0.0,0.1,0.2,0.0,0.0,0.0,0.0,0.0,0.0,,,,0.0,0.0,0.0,2002
382,382,2447,Tamar Slay,1610612751,NJN,23.0,0.4,0.8,0.5,0.1,0.2,0.5,0.2,0.4,0.455,0.2,0.8,0.269,0.2,0.7,0.32,0.1,0.2,0.25,0.0,0.0,0.0,,,,0.0,0.3,0.0,2002
383,383,1505,Tariq Abdul-Wahad,1610612742,DAL,28.0,1.3,2.0,0.643,0.2,0.4,0.6,0.0,0.8,0.0,0.3,0.7,0.4,0.1,0.3,0.5,0.0,0.0,0.0,0.0,0.0,0.0,0.0,0.0,0.0,0.0,0.2,0.0,2002
384,384,2419,Tayshaun Prince,1610612765,DET,23.0,0.4,0.7,0.643,0.2,0.4,0.385,0.1,0.4,0.364,0.1,0.4,0.333,0.2,0.6,0.381,0.4,0.9,0.464,0.0,0.7,0.0,0.0,0.0,0.0,0.0,0.0,0.0,2002
385,385,2242,Terence Morris,1610612745,HOU,24.0,0.7,1.1,0.635,0.0,0.1,0.4,0.0,0.1,0.2,0.4,0.8,0.513,0.5,1.3,0.383,0.1,0.4,0.2,0.0,0.0,0.0,0.0,0.0,0.0,0.0,0.0,0.0,2002
386,386,689,Theo Ratliff,1610612737,ATL,30.0,1.5,2.6,0.59,0.6,1.7,0.362,0.8,1.7,0.471,0.4,1.3,0.327,0.0,0.0,0.667,0.0,0.0,0.0,0.0,0.0,0.0,0.0,0.0,0.0,0.0,0.0,0.0,2002
387,387,2357,Tierre Brown,1610612739,CLE,24.0,1.1,1.8,0.63,0.4,1.2,0.308,0.1,0.4,0.2,0.4,0.9,0.417,0.0,0.1,0.0,0.0,0.0,0.0,,,,0.0,0.5,0.0,0.0,0.0,0.0,2002
388,388,1495,Tim Duncan,1610612759,SAS,27.0,4.3,6.8,0.635,2.1,4.6,0.464,1.5,3.3,0.445,0.7,2.0,0.337,0.2,0.4,0.621,0.0,0.1,0.143,0.0,0.0,0.0,0.0,0.1,0.0,0.0,0.2,0.0,2002
389,389,896,Tim Hardaway,1610612754,IND,36.0,0.4,0.7,0.571,0.1,0.1,1.0,0.0,0.0,0.0,0.1,0.7,0.143,0.6,1.4,0.385,0.9,2.4,0.368,,,,0.0,0.5,0.0,0.0,0.5,0.0,2002
390,390,1501,Tim Thomas,1610612749,MIL,26.0,1.9,3.3,0.57,0.5,1.3,0.402,0.7,1.6,0.439,0.8,1.9,0.412,0.6,1.7,0.336,0.7,1.9,0.392,0.0,0.2,0.0,0.0,0.0,0.0,0.0,0.3,0.0,2002
391,391,2432,Tito Maddox,1610612745,HOU,22.0,0.2,0.6,0.4,0.0,0.5,0.0,0.0,0.0,0.0,0.0,0.0,0.0,0.1,0.1,1.0,0.0,0.5,0.0,,,,,,,,,,2002
392,392,1928,Todd MacCulloch,1610612755,PHI,27.0,2.5,4.3,0.591,0.3,1.0,0.341,0.0,0.3,0.167,0.0,0.1,0.0,0.0,0.0,0.0,0.0,0.0,0.0,0.0,0.0,0.0,0.0,0.0,0.0,0.0,0.0,0.0,2002
393,393,339,Tom Gugliotta,1610612756,PHX,33.0,0.4,0.8,0.545,0.2,0.4,0.5,0.4,0.8,0.579,1.1,2.5,0.433,0.1,0.5,0.214,0.0,0.0,0.0,,,,0.0,0.0,0.0,0.0,0.0,0.0,2002
394,394,389,Toni Kukoc,1610612749,MIL,34.0,1.6,2.8,0.586,0.3,0.7,0.537,0.1,0.4,0.304,0.2,0.9,0.25,0.9,2.2,0.383,0.8,2.3,0.368,0.0,0.2,0.0,0.0,0.1,0.0,0.0,0.2,0.0,2002
395,395,1499,Tony Battie,1610612738,BOS,27.0,1.8,2.3,0.764,0.3,0.7,0.36,0.4,1.0,0.368,0.5,1.2,0.395,0.1,0.2,0.4,0.0,0.0,0.0,0.0,0.0,0.0,0.0,0.0,0.0,0.0,0.1,0.0,2002
396,396,960,Tony Delk,1610612738,BOS,29.0,0.6,1.2,0.506,0.1,0.4,0.292,0.1,0.4,0.345,0.5,1.2,0.41,1.6,3.5,0.455,0.6,1.7,0.333,0.0,0.1,0.0,0.0,0.0,0.0,0.0,0.1,0.0,2002
397,397,763,Tony Massenburg,1610612762,UTA,35.0,0.9,1.7,0.541,0.5,1.1,0.483,0.2,0.7,0.308,0.2,0.6,0.294,0.0,0.0,0.0,0.0,0.0,0.0,0.0,0.0,0.0,0.0,0.0,0.0,0.0,0.0,0.0,2002
398,398,2225,Tony Parker,1610612759,SAS,21.0,2.9,4.7,0.619,0.8,1.5,0.504,0.2,0.7,0.305,0.8,2.1,0.377,0.9,2.5,0.374,0.3,1.1,0.241,0.1,0.5,0.2,0.0,0.0,0.0,0.0,0.3,0.0,2002
399,399,1503,Tracy McGrady,1610612753,ORL,24.0,3.9,6.8,0.573,0.4,1.1,0.383,0.7,1.6,0.444,2.7,6.2,0.437,1.9,5.1,0.368,1.5,3.4,0.437,0.0,0.3,0.0,0.0,0.2,0.0,0.0,0.2,0.0,2002
400,400,145,Tracy Murray,1610612747,LAL,31.0,0.1,0.3,0.5,0.0,0.1,0.333,0.1,0.2,0.75,0.2,0.5,0.308,0.2,0.8,0.273,0.2,0.9,0.25,,,,,,,0.0,0.2,0.0,2002
401,401,696,Travis Best,1610612748,MIA,30.0,1.0,2.1,0.497,0.2,0.4,0.517,0.3,0.7,0.353,0.9,2.4,0.388,0.6,2.0,0.306,0.2,0.6,0.368,0.0,0.0,0.0,0.0,0.0,0.0,0.0,0.2,0.0,2002
402,402,969,Travis Knight,1610612752,NYK,28.0,0.4,0.7,0.545,0.0,0.0,1.0,0.0,0.1,0.0,0.4,1.1,0.313,0.1,0.2,0.333,0.0,0.0,0.0,0.0,0.0,0.0,0.0,1.0,0.0,0.0,0.0,0.0,2002
403,403,1762,Tremaine Fowlkes,1610612746,LAC,27.0,0.8,1.4,0.558,0.0,0.1,0.0,0.1,0.4,0.357,0.5,1.0,0.457,0.1,0.5,0.278,0.0,0.1,0.333,0.0,0.0,0.0,0.0,0.0,0.0,0.0,0.1,0.0,2002
404,404,2239,Trenton Hassell,1610612741,CHI,24.0,0.5,0.9,0.533,0.2,0.7,0.339,0.3,0.8,0.333,0.4,1.3,0.315,0.3,0.9,0.333,0.1,0.2,0.333,0.0,0.0,0.0,0.0,0.0,0.0,0.0,0.0,0.0,2002
405,405,1607,Troy Hudson,1610612750,MIN,27.0,1.2,2.4,0.522,0.2,0.5,0.302,0.4,0.9,0.418,1.3,3.1,0.428,1.5,3.6,0.409,0.7,1.7,0.386,0.2,0.4,0.5,0.0,0.4,0.0,0.1,0.1,0.5,2002
406,406,2211,Troy Murphy,1610612744,GSW,23.0,1.7,3.2,0.528,0.3,0.8,0.308,0.4,0.9,0.429,1.6,3.6,0.441,0.3,0.9,0.371,0.0,0.1,0.5,0.0,0.0,0.0,0.0,0.0,0.0,0.0,0.0,0.0,2002
407,407,238,Tyrone Hill,1610612755,PHI,35.0,1.4,2.8,0.519,0.1,0.6,0.152,0.4,1.0,0.421,0.3,1.1,0.311,0.0,0.0,1.0,0.0,0.0,0.0,0.0,0.0,0.0,0.0,0.0,0.0,0.0,0.0,0.0,2002
408,408,1731,Tyronn Lue,1610612764,WAS,26.0,0.6,1.0,0.573,0.2,0.4,0.364,0.5,1.1,0.463,0.8,2.1,0.397,0.9,1.8,0.478,0.4,1.2,0.326,0.0,0.3,0.0,0.0,0.3,0.0,0.0,0.0,0.0,2002
409,409,2199,Tyson Chandler,1610612741,CHI,20.0,2.6,4.0,0.652,0.4,1.1,0.357,0.3,0.8,0.349,0.1,0.5,0.229,0.0,0.0,0.0,0.0,0.0,0.0,0.0,0.0,0.0,0.0,0.0,0.0,0.0,0.0,0.0,2002
410,410,452,Vin Baker,1610612738,BOS,31.0,1.5,2.5,0.583,0.3,0.7,0.4,0.0,0.3,0.0,0.1,0.4,0.333,0.0,0.0,0.5,0.0,0.0,0.0,0.0,0.0,0.0,0.0,0.3,0.0,0.0,0.1,0.0,2002
411,411,1713,Vince Carter,1610612761,TOR,26.0,2.3,3.7,0.637,0.9,1.8,0.494,1.0,2.0,0.537,2.3,5.1,0.445,1.3,3.9,0.339,0.5,1.4,0.333,0.0,0.0,0.0,0.0,0.3,0.0,0.0,0.0,0.0,2002
412,412,2428,Vincent Yarbrough,1610612743,DEN,22.0,0.7,1.2,0.575,0.3,0.6,0.441,0.3,0.8,0.442,1.1,2.8,0.377,0.5,1.6,0.284,0.1,0.3,0.222,0.0,0.3,0.0,0.0,0.5,0.0,0.0,0.1,0.0,2002
413,413,958,Vitaly Potapenko,1610612760,SEA,28.0,0.8,1.7,0.465,0.3,0.8,0.35,0.3,0.7,0.529,0.2,0.5,0.417,0.0,0.0,0.0,0.0,0.0,0.0,0.0,0.0,0.0,0.0,0.0,0.0,0.0,0.0,0.0,2002
414,414,124,Vlade Divac,1610612758,SAC,35.0,2.3,3.7,0.631,0.6,1.7,0.331,0.2,0.6,0.265,0.6,1.4,0.421,0.1,0.6,0.229,0.0,0.1,0.167,0.0,0.3,0.0,,,,0.0,0.2,0.0,2002
415,415,2209,Vladimir Radmanovic,1610612760,SEA,22.0,1.3,2.0,0.626,0.2,0.8,0.291,0.2,0.6,0.366,0.4,1.2,0.349,1.0,2.8,0.34,0.7,1.8,0.398,0.1,0.3,0.5,0.0,0.5,0.0,0.0,0.2,0.0,2002
416,416,1735,Vladimir Stepania,1610612748,MIA,27.0,1.6,3.0,0.542,0.2,0.8,0.281,0.1,0.4,0.31,0.3,1.0,0.272,0.1,0.2,0.462,0.0,0.0,0.0,0.0,0.0,0.0,0.0,0.0,0.0,0.0,0.0,0.0,2002
417,417,702,Voshon Lenard,1610612761,TOR,30.0,1.2,2.1,0.561,0.3,0.7,0.415,0.5,1.4,0.349,1.1,3.3,0.35,1.7,4.1,0.414,0.4,1.4,0.302,0.0,0.1,0.0,0.0,0.3,0.0,0.0,0.0,0.0,2002
418,418,1887,Wally Szczerbiak,1610612750,MIN,26.0,1.5,2.5,0.585,0.7,1.3,0.543,0.8,1.8,0.44,1.9,4.1,0.467,1.7,3.7,0.446,0.2,0.6,0.364,0.0,0.0,0.0,0.0,0.0,0.0,0.0,0.0,0.0,2002
419,419,1005,Walt Williams,1610612742,DAL,33.0,0.7,1.3,0.506,0.0,0.2,0.214,0.0,0.2,0.231,0.2,0.5,0.382,0.9,2.3,0.375,0.3,0.8,0.349,,,,0.0,0.0,0.0,0.0,0.0,0.0,2002
420,420,962,Walter McCarty,1610612738,BOS,29.0,0.6,1.0,0.565,0.1,0.3,0.4,0.1,0.3,0.476,0.2,0.5,0.375,0.9,2.2,0.407,0.2,0.8,0.258,0.1,0.1,1.0,0.0,0.0,0.0,0.0,0.1,0.0,2002
421,421,1917,Wang Zhi-zhi,1610612746,LAC,25.0,0.8,1.5,0.524,0.2,0.6,0.333,0.0,0.3,0.1,0.1,0.3,0.182,0.3,0.7,0.37,0.3,0.9,0.3,0.0,0.0,0.0,,,,0.0,0.0,0.0,2002
422,422,445,Wesley Person,1610612763,MEM,32.0,0.6,0.9,0.695,0.1,0.3,0.3,0.3,0.6,0.439,1.1,2.6,0.416,1.4,2.9,0.49,0.7,1.8,0.374,0.0,0.1,0.0,0.0,0.0,0.0,0.0,0.0,0.0,2002
423,423,2397,Yao Ming,1610612745,HOU,22.0,2.6,3.9,0.666,1.1,2.9,0.398,0.8,2.3,0.366,0.3,0.7,0.426,0.0,0.0,0.333,0.0,0.0,1.0,0.0,0.0,0.0,0.0,0.0,0.0,0.0,0.1,0.0,2002
424,424,2216,Zach Randolph,1610612757,POR,21.0,2.5,4.1,0.607,0.5,1.2,0.4,0.3,0.8,0.4,0.2,0.7,0.346,0.0,0.1,0.0,0.0,0.0,0.0,0.0,0.5,0.0,0.0,0.0,0.0,0.0,0.1,0.0,2002
425,425,1442,Zeljko Rebraca,1610612765,DET,31.0,1.1,1.7,0.68,0.9,1.5,0.571,0.5,1.3,0.385,0.2,0.5,0.5,0.0,0.0,0.0,0.0,0.0,0.0,0.0,0.0,0.0,0.0,0.0,0.0,0.0,0.0,0.0,2002
426,426,1985,Zendon Hamilton,1610612761,TOR,28.0,0.7,1.7,0.4,0.0,0.0,0.0,0.0,0.0,0.0,0.0,0.0,0.0,0.0,0.0,0.0,0.0,0.0,0.0,,,,,,,,,,2002
427,427,980,Zydrunas Ilgauskas,1610612739,CLE,28.0,2.6,4.9,0.529,1.2,3.0,0.414,1.2,3.3,0.36,1.1,2.7,0.423,0.0,0.1,0.25,0.0,0.0,0.0,0.0,0.0,0.0,0.0,0.3,0.0,0.0,0.1,0.0,2002
