,Unnamed: 0,PLAYER_ID,PLAYER_NAME,TEAM_ID,TEAM_ABBREVIATION,AGE,opp_lessthan5ft_FGM,opp_lessthan5ft_FGA,opp_lessthan5ft_FG_PCT,opp_5_9ft_FGM,opp_5_9ft_FGA,opp_5_9ft_FG_PCT,opp_10_14ft_FGM,opp_10_14ft_FGA,opp_10_14ft_FG_PCT,opp_15_19ft_FGM,opp_15_19ft_FGA,opp_15_19ft_FG_PCT,opp_20_24ft_FGM,opp_20_24ft_FGA,opp_20_24ft_FG_PCT,opp_25_29ft_FGM,opp_25_29ft_FGA,opp_25_29ft_FG_PCT,opp_30_34ft_FGM,opp_30_34ft_FGA,opp_30_34ft_FG_PCT,opp_35_39ft_FGM,opp_35_39ft_FGA,opp_35_39ft_FG_PCT,opp_40aboveft_FGM,opp_40aboveft_FGA,opp_40aboveft_FG_PCT,SEASON
0,0,243,Aaron McKie,1610612747,LAL,34.0,3.9,7.0,0.557,0.4,1.4,0.273,0.9,1.9,0.474,1.5,4.0,0.375,0.9,3.2,0.276,1.5,3.2,0.469,,,,0.0,1.0,0.0,0.0,1.0,0.0,2006
1,1,1425,Aaron Williams,1610612746,LAC,35.0,2.8,4.9,0.573,0.7,1.8,0.397,0.7,1.4,0.522,1.8,4.0,0.443,0.8,2.6,0.287,0.6,1.6,0.348,0.0,0.5,0.0,,,,0.0,0.2,0.0,2006
2,2,200747,Adam Morrison,1610612766,CHA,22.0,10.8,18.8,0.577,1.8,4.4,0.4,1.4,3.8,0.372,3.9,9.3,0.424,3.1,7.6,0.413,1.5,4.1,0.365,0.0,0.3,0.0,0.0,0.5,0.0,0.0,0.8,0.0,2006
3,3,1502,Adonal Foyle,1610612744,GSW,32.0,4.1,6.9,0.591,0.9,2.4,0.357,0.6,1.8,0.339,1.0,2.7,0.387,1.5,3.7,0.419,1.0,2.4,0.43,0.0,0.0,0.0,,,,0.0,0.3,0.0,2006
4,4,1559,Adrian Griffin,1610612741,CHI,32.0,3.1,5.2,0.589,0.6,1.5,0.431,0.7,2.0,0.337,1.1,3.5,0.322,1.2,3.3,0.36,0.8,2.2,0.345,0.3,0.5,0.5,0.0,1.0,0.0,0.0,0.3,0.0,2006
5,5,1733,Al Harrington,1610612744,GSW,27.0,12.0,20.5,0.583,1.9,5.0,0.39,1.8,4.8,0.371,4.0,10.4,0.384,3.5,8.9,0.389,2.2,5.3,0.42,0.0,0.0,0.0,0.2,0.3,0.5,0.0,0.3,0.0,2006
6,6,2744,Al Jefferson,1610612738,BOS,22.0,12.0,20.1,0.596,2.0,5.1,0.398,1.8,4.6,0.401,4.4,10.8,0.41,3.8,9.7,0.39,1.4,4.1,0.345,0.0,0.5,0.0,0.0,0.7,0.0,0.0,0.6,0.0,2006
7,7,101187,Alan Anderson,1610612766,CHA,24.0,4.8,8.5,0.563,1.5,2.5,0.579,0.5,1.4,0.333,1.7,4.9,0.349,1.7,3.9,0.439,0.7,2.1,0.324,0.0,0.5,0.0,0.0,0.0,0.0,0.0,0.7,0.0,2006
8,8,673,Alan Henderson,1610612755,PHI,34.0,4.3,6.4,0.661,0.7,1.8,0.411,0.5,2.0,0.247,1.2,3.7,0.328,1.4,3.0,0.469,0.7,2.0,0.35,0.0,1.0,0.0,0.2,0.5,0.333,0.0,0.7,0.0,2006
9,9,200792,Alexander Johnson,1610612763,MEM,24.0,5.1,7.9,0.642,1.0,2.3,0.447,1.1,2.1,0.51,1.5,3.5,0.428,1.7,4.6,0.371,1.0,2.7,0.372,0.3,0.5,0.5,0.0,0.7,0.0,0.0,0.6,0.0,2006
10,10,200810,Allan Ray,1610612738,BOS,23.0,5.5,9.1,0.607,0.9,2.6,0.368,1.2,2.3,0.506,1.6,4.1,0.379,1.7,4.6,0.376,0.6,2.3,0.278,0.0,0.7,0.0,0.0,0.8,0.0,0.0,0.3,0.0,2006
11,11,947,Allen Iverson,1610612743,DEN,32.0,16.7,27.5,0.606,3.0,7.5,0.393,2.2,5.7,0.379,5.9,14.3,0.41,5.1,13.1,0.392,2.2,6.7,0.329,0.3,0.9,0.333,0.0,0.5,0.0,0.0,0.8,0.04,2006
12,12,297,Alonzo Mourning,1610612748,MIA,37.0,6.2,11.7,0.527,1.5,3.9,0.392,1.2,3.1,0.403,2.8,6.9,0.405,2.5,6.3,0.392,1.2,3.4,0.344,0.0,0.6,0.0,0.0,0.3,0.0,0.1,0.5,0.143,2006
13,13,1541,Alvin Williams,1610612746,LAC,32.0,2.0,3.0,0.667,1.0,1.5,0.667,,,,1.0,1.0,1.0,0.5,1.0,0.5,1.0,1.0,1.0,,,,,,,,,,2006
14,14,2405,Amar'e Stoudemire,1610612756,PHX,24.0,11.1,18.5,0.6,3.0,7.0,0.425,2.4,6.0,0.394,5.0,12.7,0.394,3.5,8.7,0.403,2.3,6.3,0.37,0.0,0.0,0.0,0.0,0.4,0.0,0.0,0.5,0.0,2006
15,15,101161,Amir Johnson,1610612765,DET,20.0,5.0,9.8,0.513,0.7,2.0,0.333,1.0,3.3,0.3,2.5,6.5,0.385,2.3,5.6,0.4,0.2,2.3,0.071,,,,,,,0.0,0.0,0.0,2006
16,16,2760,Anderson Varejao,1610612739,CLE,24.0,7.2,12.0,0.6,1.4,3.3,0.42,1.1,3.3,0.336,3.2,8.2,0.388,2.4,7.3,0.331,1.1,3.2,0.329,0.1,0.4,0.25,0.0,0.5,0.0,0.0,0.3,0.0,2006
17,17,101154,Andray Blatche,1610612764,WAS,20.0,4.1,7.2,0.572,0.6,1.8,0.337,0.8,1.9,0.418,1.8,4.7,0.375,2.0,4.0,0.503,1.0,3.0,0.352,,,,0.0,0.3,0.0,0.3,0.3,1.0,2006
18,18,2857,Andre Barrett,1610612741,CHI,25.0,1.2,1.7,0.7,0.0,1.0,0.0,0.3,1.0,0.333,0.6,2.0,0.3,0.3,1.3,0.2,0.4,2.0,0.2,,,,,,,,,,2006
19,19,2810,Andre Brown,1610612760,SEA,26.0,2.4,4.4,0.557,0.7,1.5,0.476,0.3,0.9,0.286,0.7,2.1,0.338,0.9,2.6,0.366,0.7,2.0,0.344,0.0,0.0,0.0,0.0,1.0,0.0,0.0,0.4,0.0,2006
20,20,2738,Andre Iguodala,1610612755,PHI,23.0,14.5,24.3,0.597,2.2,5.7,0.394,2.2,5.8,0.389,5.4,12.9,0.417,4.2,10.3,0.407,2.5,7.4,0.343,0.1,0.7,0.143,0.2,0.7,0.25,0.0,0.7,0.053,2006
21,21,1889,Andre Miller,1610612755,PHI,31.0,13.3,22.1,0.601,2.4,5.7,0.418,1.8,5.1,0.354,5.4,12.7,0.425,4.3,11.2,0.384,2.3,6.7,0.34,0.0,0.6,0.0,0.1,0.7,0.2,0.0,0.5,0.067,2006
22,22,200745,Andrea Bargnani,1610612761,TOR,21.0,8.8,14.6,0.6,1.8,4.1,0.447,1.4,3.5,0.406,3.1,7.5,0.412,3.5,9.4,0.368,0.9,2.7,0.328,0.1,1.0,0.077,0.2,0.7,0.25,0.0,0.6,0.067,2006
23,23,2601,Andreas Glyniadakis,1610612760,SEA,25.0,2.6,3.9,0.667,0.4,0.9,0.444,0.7,1.3,0.538,1.0,2.8,0.364,0.7,1.3,0.5,0.3,1.2,0.273,,,,,,,,,,2006
24,24,1905,Andrei Kirilenko,1610612762,UTA,26.0,10.0,17.0,0.591,1.7,4.7,0.362,1.3,3.4,0.373,3.0,7.5,0.397,4.3,11.7,0.365,1.2,3.4,0.37,0.3,0.3,1.0,0.0,0.4,0.0,0.0,0.6,0.0,2006
25,25,2804,Andres Nocioni,1610612741,CHI,27.0,8.6,15.2,0.568,1.4,3.4,0.419,1.5,4.0,0.374,3.4,8.5,0.405,3.0,8.5,0.356,1.5,4.0,0.371,0.3,1.0,0.25,0.0,0.2,0.0,0.0,0.6,0.0,2006
26,26,101106,Andrew Bogut,1610612749,MIL,22.0,12.8,20.3,0.634,2.0,4.5,0.439,2.2,5.4,0.402,4.3,10.8,0.392,3.8,9.2,0.411,2.2,6.5,0.344,0.1,0.4,0.25,0.0,0.5,0.0,0.1,0.8,0.071,2006
27,27,101115,Andrew Bynum,1610612747,LAL,19.0,7.9,13.5,0.583,1.7,4.2,0.403,1.2,3.2,0.377,2.8,7.0,0.395,2.5,5.9,0.416,1.3,4.2,0.307,0.3,1.0,0.333,0.0,0.3,0.0,0.0,0.4,0.0,2006
28,28,2740,Andris Biedrins,1610612744,GSW,21.0,10.4,18.2,0.571,1.9,4.4,0.437,1.2,3.5,0.357,3.3,8.3,0.403,3.6,8.9,0.406,2.2,6.3,0.349,0.2,0.5,0.333,0.0,0.0,0.0,0.0,0.8,0.0,2006
29,29,1712,Antawn Jamison,1610612764,WAS,31.0,14.4,23.4,0.616,2.3,6.0,0.385,2.4,5.4,0.45,4.8,11.5,0.418,4.4,10.5,0.421,2.9,7.9,0.362,0.0,0.2,0.0,0.0,0.7,0.0,0.0,0.3,0.0,2006
30,30,1853,Anthony Carter,1610612743,DEN,32.0,6.0,12.5,0.48,1.0,4.5,0.222,1.0,6.0,0.167,3.0,5.5,0.545,2.5,7.0,0.357,0.5,2.0,0.25,,,,,,,0.0,0.0,0.0,2006
31,31,1533,Anthony Johnson,1610612737,ATL,32.0,7.4,12.2,0.603,1.1,3.0,0.353,1.1,3.1,0.347,2.3,5.9,0.39,1.8,4.3,0.428,1.2,3.2,0.37,0.0,0.5,0.0,0.0,0.5,0.0,0.1,0.6,0.143,2006
32,32,1515,Anthony Parker,1610612761,TOR,32.0,10.6,18.0,0.59,2.6,5.9,0.443,1.8,4.1,0.43,4.3,10.9,0.395,4.5,12.4,0.367,1.4,3.8,0.363,0.2,0.8,0.2,0.2,0.8,0.25,0.2,0.8,0.222,2006
33,33,101194,Anthony Roberson,1610612744,GSW,24.0,4.7,7.4,0.635,1.0,2.9,0.341,0.4,1.9,0.231,1.4,2.9,0.481,1.8,4.4,0.405,1.1,3.1,0.365,0.0,0.0,0.0,0.0,0.0,0.0,0.0,0.5,0.0,2006
34,34,952,Antoine Walker,1610612748,MIA,30.0,6.3,11.1,0.572,1.7,4.0,0.41,1.2,3.2,0.381,2.9,7.7,0.383,3.0,7.5,0.396,1.4,3.9,0.359,0.0,0.3,0.0,0.0,0.8,0.0,0.0,0.5,0.0,2006
35,35,101120,Antoine Wright,1610612751,NJN,23.0,5.7,9.9,0.573,1.5,3.4,0.437,1.1,2.9,0.368,2.7,6.6,0.401,2.6,6.5,0.403,0.7,2.5,0.263,0.0,0.2,0.0,0.0,0.3,0.0,0.0,0.6,0.0,2006
36,36,1498,Antonio Daniels,1610612764,WAS,32.0,7.5,12.6,0.594,1.2,3.1,0.397,1.4,3.0,0.483,2.3,6.0,0.38,2.6,6.6,0.394,1.7,4.9,0.346,0.1,0.4,0.333,0.0,0.4,0.0,0.1,0.5,0.143,2006
37,37,686,Antonio McDyess,1610612765,DET,32.0,6.5,11.5,0.563,1.1,3.2,0.337,1.0,2.7,0.351,2.9,7.0,0.407,1.9,5.4,0.351,1.0,3.2,0.302,0.1,0.3,0.5,0.0,0.6,0.0,0.0,0.5,0.0,2006
38,38,1506,Austin Croshere,1610612742,DAL,32.0,3.4,6.1,0.55,1.0,2.6,0.402,0.6,2.0,0.289,1.4,3.8,0.366,1.2,3.2,0.366,0.6,1.8,0.316,0.4,0.6,0.667,0.0,0.4,0.0,0.0,0.6,0.0,2006
39,39,1884,Baron Davis,1610612744,GSW,28.0,13.4,22.7,0.591,2.3,5.5,0.41,1.5,4.2,0.366,3.7,9.5,0.387,4.2,11.4,0.368,2.5,7.3,0.348,0.0,0.3,0.0,0.0,0.3,0.0,0.0,0.4,0.0,2006
40,40,2732,Ben Gordon,1610612741,CHI,24.0,9.9,18.3,0.542,1.9,4.3,0.432,1.6,4.7,0.338,4.2,10.8,0.386,4.1,10.6,0.387,1.9,5.1,0.371,0.3,0.9,0.333,0.0,0.4,0.0,0.0,0.6,0.0,2006
41,41,1112,Ben Wallace,1610612741,CHI,32.0,11.1,19.8,0.558,1.8,4.3,0.422,1.9,5.3,0.355,4.7,11.6,0.406,4.2,11.0,0.383,2.1,5.3,0.391,0.1,0.9,0.167,0.0,0.4,0.0,0.0,0.7,0.0,2006
42,42,2757,Beno Udrih,1610612759,SAS,24.0,4.2,7.3,0.577,1.1,2.6,0.41,1.1,2.7,0.405,1.4,4.0,0.357,1.7,3.7,0.45,0.5,1.9,0.289,0.0,0.3,0.0,0.0,0.7,0.0,0.1,0.5,0.125,2006
43,43,2774,Bernard Robinson,1610612751,NJN,26.0,2.9,5.3,0.549,0.7,1.8,0.415,0.8,1.6,0.483,1.4,3.8,0.372,1.1,3.0,0.353,0.8,1.9,0.419,0.0,0.3,0.0,0.0,0.0,0.0,0.0,1.0,0.0,2006
44,44,448,Bo Outlaw,1610612753,ORL,36.0,3.2,5.1,0.635,0.7,1.7,0.385,0.7,1.7,0.424,1.6,4.1,0.395,1.3,3.8,0.34,0.6,1.5,0.404,,,,0.0,0.0,0.0,0.0,0.7,0.0,2006
45,45,1517,Bobby Jackson,1610612740,NOK,34.0,7.4,13.1,0.566,1.3,3.4,0.399,1.2,3.3,0.348,2.8,6.6,0.417,3.4,9.2,0.371,1.2,3.7,0.33,0.2,0.5,0.333,,,,0.0,0.7,0.0,2006
46,46,200784,Bobby Jones,1610612755,PHI,23.0,2.4,4.2,0.574,0.3,1.3,0.258,0.6,1.6,0.382,1.0,2.4,0.412,1.1,2.9,0.385,0.6,2.4,0.27,0.0,1.0,0.0,0.5,0.5,1.0,0.0,0.8,0.0,2006
47,47,1719,Bonzi Wells,1610612745,HOU,30.0,5.4,10.8,0.497,1.6,3.7,0.433,0.9,3.2,0.291,2.8,6.4,0.436,1.9,5.9,0.321,1.4,3.4,0.407,,,,0.0,0.3,0.0,0.0,0.5,0.0,2006
48,48,2564,Boris Diaw,1610612756,PHX,25.0,10.4,17.0,0.611,2.6,6.4,0.405,2.1,5.3,0.398,4.8,11.8,0.403,3.5,8.6,0.407,2.2,6.1,0.365,0.0,0.7,0.0,0.1,0.6,0.25,0.0,0.6,0.0,2006
49,49,2411,Bostjan Nachbar,1610612751,NJN,26.0,6.2,10.8,0.579,1.2,3.1,0.395,1.0,2.4,0.407,2.1,6.1,0.351,3.0,7.5,0.402,1.1,3.4,0.318,0.0,0.4,0.0,0.0,0.6,0.0,0.0,0.9,0.0,2006
50,50,101152,Bracey Wright,1610612750,MIN,22.0,3.3,4.9,0.67,0.6,1.6,0.385,0.5,1.2,0.429,1.4,3.6,0.393,1.2,3.3,0.357,0.6,2.2,0.286,,,,,,,0.0,0.0,0.0,2006
51,51,1802,Brad Miller,1610612758,SAC,31.0,9.2,15.4,0.595,2.7,5.8,0.468,1.3,3.8,0.328,4.1,9.3,0.442,4.1,10.3,0.394,1.4,3.8,0.352,0.0,0.0,0.0,0.0,1.0,0.0,0.0,0.5,0.0,2006
52,52,101138,Brandon Bass,1610612740,NOK,22.0,2.4,3.8,0.633,0.7,1.4,0.5,0.5,1.7,0.32,1.4,3.0,0.474,1.5,3.1,0.5,0.4,1.2,0.3,,,,,,,,,,2006
53,53,200750,Brandon Roy,1610612757,POR,22.0,13.0,22.1,0.59,1.9,4.9,0.387,1.8,4.0,0.457,3.9,9.5,0.408,4.7,12.3,0.384,1.6,4.0,0.406,0.0,0.5,0.0,0.0,0.0,0.0,0.0,0.3,0.0,2006
54,54,2217,Brendan Haywood,1610612764,WAS,27.0,7.5,12.7,0.593,1.4,3.7,0.382,1.7,3.6,0.467,3.4,8.1,0.414,2.7,6.5,0.419,1.6,4.5,0.35,0.0,0.2,0.0,0.0,0.6,0.0,0.0,0.3,0.0,2006
55,55,699,Brent Barry,1610612759,SAS,35.0,7.2,13.4,0.534,1.9,4.3,0.451,1.5,3.6,0.408,2.8,6.7,0.422,2.4,5.4,0.44,0.6,2.1,0.263,0.0,0.3,0.0,0.0,0.6,0.0,0.0,0.6,0.0,2006
56,56,1510,Brevin Knight,1610612766,CHA,31.0,10.0,16.7,0.597,1.8,3.9,0.446,1.0,3.4,0.291,3.7,9.4,0.393,2.8,7.9,0.36,1.6,4.3,0.368,0.0,0.1,0.0,0.0,0.0,0.0,0.0,0.8,0.0,2006
57,57,2073,Brian Cardinal,1610612763,MEM,30.0,4.1,5.7,0.723,0.7,1.7,0.425,0.7,1.4,0.485,1.2,4.0,0.307,1.6,3.8,0.438,0.5,1.7,0.267,0.5,0.5,1.0,0.0,1.0,0.0,0.0,0.5,0.0,2006
58,58,2567,Brian Cook,1610612747,LAL,26.0,5.7,9.8,0.58,1.0,2.5,0.383,0.9,2.3,0.391,2.1,4.9,0.42,1.8,4.4,0.399,0.9,2.8,0.306,0.0,0.8,0.0,0.0,1.0,0.0,0.0,0.6,0.0,2006
59,59,2243,Brian Scalabrine,1610612738,BOS,29.0,6.7,11.2,0.598,1.3,3.1,0.438,0.9,2.3,0.383,2.2,5.6,0.397,2.1,5.4,0.379,0.9,2.6,0.344,0.0,0.8,0.0,0.0,0.3,0.0,0.1,0.6,0.143,2006
60,60,1730,Brian Skinner,1610612749,MIL,31.0,8.0,13.4,0.601,1.4,3.2,0.451,1.6,4.0,0.389,3.5,7.8,0.444,2.5,5.7,0.437,1.4,4.4,0.318,0.2,0.3,0.5,0.0,1.0,0.0,0.0,0.4,0.0,2006
61,61,1477,Bruce Bowen,1610612759,SAS,36.0,9.4,18.1,0.519,2.3,5.8,0.389,2.2,5.3,0.408,4.0,9.7,0.407,2.5,7.0,0.36,0.8,3.2,0.263,0.0,0.2,0.0,0.0,0.5,0.0,0.0,0.8,0.0,2006
62,62,101139,CJ Miles,1610612762,UTA,20.0,4.2,6.4,0.665,0.8,1.8,0.455,0.4,1.3,0.333,1.0,3.0,0.32,1.5,4.4,0.354,0.4,1.3,0.286,1.0,1.0,1.0,0.0,0.0,0.0,0.0,0.0,0.0,2006
63,63,1916,Calvin Booth,1610612764,WAS,31.0,2.6,4.7,0.56,0.6,1.7,0.32,0.7,1.6,0.447,1.3,2.9,0.455,1.0,2.3,0.448,0.6,2.2,0.265,0.0,0.0,0.0,0.0,0.4,0.0,0.0,1.0,0.0,2006
64,64,2306,Carlos Arroyo,1610612753,ORL,27.0,5.6,9.7,0.577,1.1,3.0,0.357,0.8,2.4,0.345,2.2,5.6,0.384,1.9,5.0,0.38,0.9,2.7,0.32,0.2,0.8,0.25,0.0,0.3,0.0,0.0,0.4,0.0,2006
65,65,2430,Carlos Boozer,1610612762,UTA,25.0,12.1,19.8,0.61,2.0,5.5,0.361,1.6,4.0,0.393,3.5,9.1,0.39,5.0,14.0,0.359,1.4,3.9,0.344,0.0,0.3,0.0,0.0,0.3,0.0,0.0,0.4,0.0,2006
66,66,2568,Carlos Delfino,1610612765,DET,24.0,4.9,9.2,0.534,0.8,2.3,0.366,0.9,2.3,0.393,2.3,5.6,0.415,1.7,4.6,0.367,0.8,2.7,0.304,0.3,1.0,0.25,0.0,0.4,0.0,0.0,0.3,0.0,2006
67,67,2546,Carmelo Anthony,1610612743,DEN,23.0,14.8,24.5,0.607,2.9,6.4,0.455,1.7,4.9,0.358,5.7,13.7,0.414,5.0,13.1,0.383,2.2,6.0,0.36,0.1,0.6,0.2,0.0,1.0,0.0,0.1,0.7,0.105,2006
68,68,2406,Caron Butler,1610612764,WAS,27.0,14.6,24.2,0.603,2.2,5.9,0.376,2.7,5.9,0.461,5.2,12.2,0.424,4.6,10.5,0.432,2.9,8.3,0.344,0.1,0.3,0.333,0.0,0.6,0.0,0.0,0.3,0.0,2006
69,69,200841,Cedric Bozeman,1610612737,ATL,24.0,3.6,6.1,0.582,0.6,1.5,0.4,0.6,1.6,0.346,1.1,3.2,0.328,0.4,2.0,0.2,0.5,1.6,0.281,,,,0.0,1.0,0.0,0.0,0.5,0.0,2006
70,70,200759,Cedric Simmons,1610612740,NOK,21.0,4.4,7.4,0.599,0.8,1.9,0.4,0.8,2.5,0.301,1.5,4.1,0.374,1.8,4.4,0.421,0.5,1.6,0.295,,,,0.0,0.5,0.0,0.0,0.6,0.0,2006
71,71,101112,Channing Frye,1610612752,NYK,24.0,8.2,13.3,0.618,1.7,4.6,0.375,1.1,3.3,0.321,3.9,8.9,0.435,4.0,9.5,0.415,1.2,3.5,0.352,0.2,0.2,1.0,0.0,0.3,0.0,0.0,0.5,0.0,2006
72,72,101236,Charles Hayes,1610612745,HOU,24.0,5.2,10.0,0.517,1.6,3.8,0.417,1.4,3.7,0.375,3.2,7.8,0.402,2.2,5.9,0.369,1.2,3.5,0.327,1.0,1.0,1.0,0.0,0.5,0.0,0.0,0.8,0.0,2006
73,73,2294,Charlie Bell,1610612749,MIL,28.0,13.4,21.3,0.631,1.8,4.6,0.402,2.0,5.0,0.395,4.6,11.0,0.421,3.7,9.2,0.402,2.3,6.8,0.333,0.2,0.4,0.5,0.0,0.8,0.0,0.0,0.7,0.0,2006
74,74,101111,Charlie Villanueva,1610612749,MIL,22.0,9.9,15.5,0.641,1.1,2.8,0.404,1.2,3.3,0.372,3.1,7.9,0.388,2.8,7.3,0.385,2.0,5.4,0.365,0.0,0.2,0.0,0.0,0.6,0.0,0.0,0.8,0.0,2006
75,75,1497,Chauncey Billups,1610612765,DET,30.0,12.6,21.7,0.582,1.9,5.4,0.352,1.7,4.8,0.354,4.7,11.7,0.407,3.1,8.6,0.358,1.7,5.0,0.337,0.0,0.4,0.0,0.0,0.5,0.0,0.1,0.6,0.1,2006
76,76,2547,Chris Bosh,1610612761,TOR,23.0,12.1,21.0,0.579,3.1,7.0,0.451,2.2,4.9,0.447,4.9,12.6,0.393,5.6,14.5,0.388,1.5,4.4,0.348,0.1,0.9,0.083,0.1,0.9,0.167,0.2,0.6,0.333,2006
77,77,2768,Chris Duhon,1610612741,CHI,24.0,7.7,13.8,0.558,1.2,3.1,0.376,1.3,3.4,0.374,2.7,7.3,0.366,2.7,7.5,0.356,1.3,3.3,0.387,0.2,0.4,0.5,0.0,0.4,0.0,0.0,0.7,0.0,2006
78,78,2549,Chris Kaman,1610612746,LAC,25.0,9.6,16.8,0.573,2.2,5.0,0.437,1.8,4.1,0.432,3.6,9.1,0.398,2.9,7.3,0.397,1.7,4.9,0.344,0.5,1.0,0.5,,,,0.0,0.4,0.0,2006
79,79,200840,Chris McCray,1610612749,MIL,23.0,1.0,1.0,1.0,1.0,1.0,1.0,1.0,1.0,1.0,0.0,0.5,0.0,1.5,2.0,0.75,0.0,0.6,0.0,,,,0.0,1.0,0.0,,,,2006
80,80,101108,Chris Paul,1610612740,NOK,22.0,12.4,20.1,0.619,2.4,5.5,0.442,2.0,5.1,0.395,4.7,11.3,0.416,5.6,13.6,0.408,1.8,5.1,0.354,0.0,0.2,0.0,0.0,0.6,0.0,0.0,0.8,0.0,2006
81,81,200809,Chris Quinn,1610612748,MIA,23.0,2.3,3.9,0.598,1.0,1.9,0.5,0.6,1.7,0.346,1.3,3.5,0.382,1.5,4.0,0.362,0.6,2.0,0.29,0.0,0.0,0.0,0.0,0.5,0.0,0.0,0.7,0.0,2006
82,82,185,Chris Webber,1610612765,DET,34.0,10.6,16.9,0.625,1.5,4.0,0.374,1.3,3.8,0.354,4.6,10.4,0.441,2.8,7.0,0.402,1.7,4.8,0.363,0.1,0.3,0.333,0.2,0.8,0.2,0.1,0.5,0.125,2006
83,83,2404,Chris Wilcox,1610612760,SEA,24.0,12.4,19.4,0.64,1.9,4.5,0.421,1.7,4.2,0.391,4.0,9.6,0.417,3.7,9.4,0.39,1.9,5.5,0.346,0.2,0.8,0.2,0.0,0.0,0.0,0.0,0.4,0.0,2006
84,84,1088,Chucky Atkins,1610612763,MEM,32.0,10.9,17.5,0.625,1.9,4.6,0.413,1.7,3.5,0.479,2.8,7.1,0.397,3.4,9.0,0.373,2.2,5.7,0.385,0.0,0.3,0.0,0.0,0.3,0.0,0.0,0.5,0.0,2006
85,85,361,Clifford Robinson,1610612751,NJN,40.0,6.1,10.6,0.573,1.0,2.6,0.365,1.1,2.6,0.441,2.3,6.1,0.386,2.9,6.9,0.425,1.1,2.8,0.374,0.1,0.6,0.2,0.0,0.5,0.0,0.0,0.7,0.0,2006
86,86,1894,Corey Maggette,1610612746,LAC,27.0,9.9,17.2,0.575,2.3,5.2,0.441,1.6,4.1,0.388,3.9,9.6,0.409,3.1,7.8,0.395,1.8,6.0,0.304,0.2,0.5,0.4,0.0,0.5,0.0,0.0,0.5,0.0,2006
87,87,722,Corliss Williamson,1610612758,SAC,33.0,5.4,9.4,0.573,1.8,4.1,0.444,0.9,2.4,0.391,2.5,6.5,0.378,2.9,7.7,0.376,1.1,3.3,0.338,0.0,0.5,0.0,0.0,0.0,0.0,0.0,0.9,0.0,2006
88,88,200783,Craig Smith,1610612750,MIN,23.0,6.1,9.9,0.619,1.2,2.8,0.436,1.0,2.6,0.379,2.2,5.8,0.381,2.4,6.1,0.388,0.9,3.1,0.303,0.3,0.7,0.5,0.0,0.0,0.0,0.0,0.4,0.0,2006
89,89,1749,Cuttino Mobley,1610612746,LAC,31.0,12.3,21.7,0.564,2.8,6.4,0.431,2.2,5.0,0.439,4.2,10.8,0.39,3.6,9.0,0.396,2.0,6.2,0.329,0.1,0.1,1.0,0.0,0.3,0.0,0.0,0.4,0.0,2006
90,90,2788,DJ Mbenga,1610612742,DAL,26.0,1.0,1.7,0.6,0.5,1.1,0.417,0.2,1.1,0.182,0.9,2.0,0.429,0.7,1.2,0.6,0.4,1.4,0.3,,,,0.0,0.0,0.0,0.0,0.5,0.0,2006
91,91,2563,Dahntay Jones,1610612763,MEM,26.0,7.7,12.5,0.615,1.6,3.6,0.457,1.3,2.8,0.45,2.3,5.9,0.388,2.8,6.5,0.428,1.7,4.1,0.424,0.2,0.6,0.4,0.2,0.8,0.25,0.0,0.5,0.0,2006
92,92,2402,Dajuan Wagner,1610612744,GSW,24.0,5.0,7.0,0.714,0.0,1.0,0.0,,,,0.0,1.0,0.0,1.0,2.0,0.5,1.0,1.0,1.0,,,,,,,,,,2006
93,93,905,Dale Davis,1610612765,DET,38.0,2.9,5.9,0.484,0.8,2.3,0.333,0.6,1.8,0.362,1.5,3.6,0.411,0.9,2.1,0.433,0.5,1.8,0.286,0.0,0.5,0.0,0.0,0.5,0.0,0.0,0.0,0.0,2006
94,94,2863,Damien Wilkins,1610612760,SEA,27.0,9.7,15.3,0.632,1.5,3.5,0.428,1.2,2.9,0.413,3.1,7.7,0.406,2.9,7.4,0.395,1.4,4.2,0.337,0.0,0.8,0.0,0.0,0.3,0.0,0.0,0.4,0.0,2006
95,95,200806,Damir Markota,1610612749,MIL,21.0,2.7,4.1,0.65,0.8,1.9,0.433,0.4,1.5,0.286,0.8,2.1,0.362,0.8,2.0,0.426,0.4,1.2,0.345,,,,0.0,0.0,0.0,0.0,0.0,0.0,2006
96,96,1800,Damon Jones,1610612739,CLE,30.0,6.9,11.4,0.604,1.2,3.1,0.395,0.9,2.9,0.312,2.7,6.6,0.403,1.9,5.5,0.345,0.9,2.7,0.329,0.0,0.3,0.0,0.0,0.4,0.0,0.0,0.2,0.0,2006
97,97,757,Damon Stoudamire,1610612763,MEM,33.0,9.3,15.0,0.621,1.6,3.7,0.42,1.5,3.3,0.447,3.3,7.5,0.442,3.1,7.0,0.452,1.6,4.4,0.356,0.2,0.8,0.25,0.1,0.6,0.25,0.0,0.5,0.0,2006
98,98,2424,Dan Dickau,1610612757,POR,28.0,2.5,4.4,0.562,0.7,1.5,0.45,0.4,1.4,0.3,1.1,2.7,0.41,1.5,3.8,0.385,0.4,1.3,0.293,0.0,0.0,0.0,,,,0.0,0.1,0.0,2006
99,99,2429,Dan Gadzuric,1610612749,MIL,29.0,5.7,9.0,0.635,0.9,2.2,0.4,1.0,2.5,0.402,2.2,5.4,0.408,1.6,4.1,0.391,1.2,3.3,0.367,0.0,1.0,0.0,0.0,0.7,0.0,0.0,0.7,0.0,2006
100,100,101137,Daniel Ewing,1610612746,LAC,24.0,3.5,6.5,0.542,1.0,2.2,0.435,0.6,1.7,0.371,1.7,4.5,0.378,1.4,3.6,0.385,0.6,2.3,0.261,0.5,0.5,1.0,,,,0.0,0.4,0.0,2006
101,101,200789,Daniel Gibson,1610612739,CLE,21.0,5.0,8.4,0.598,1.2,2.9,0.425,1.0,2.7,0.368,2.4,5.8,0.407,1.7,5.1,0.34,0.6,1.9,0.313,0.0,0.3,0.0,0.0,0.0,0.0,0.0,0.3,0.0,2006
102,102,1504,Danny Fortson,1610612760,SEA,31.0,4.2,6.4,0.663,0.2,1.5,0.1,0.6,1.5,0.429,2.1,3.9,0.556,1.4,3.5,0.4,0.8,2.3,0.333,0.0,1.0,0.0,,,,,,,2006
103,103,101122,Danny Granger,1610612754,IND,24.0,11.1,19.4,0.574,2.3,5.4,0.432,2.0,5.3,0.372,4.7,11.3,0.413,3.5,8.7,0.406,1.7,4.5,0.37,0.1,0.6,0.167,0.1,0.5,0.2,0.1,0.5,0.111,2006
104,104,2443,Darius Songaila,1610612764,WAS,29.0,6.0,10.0,0.603,1.1,2.8,0.396,1.1,2.4,0.448,1.8,5.6,0.33,2.3,5.4,0.424,1.3,3.8,0.338,0.0,0.0,0.0,0.0,0.7,0.0,0.0,0.3,0.0,2006
105,105,2545,Darko Milicic,1610612753,ORL,22.0,7.0,12.4,0.568,1.6,4.0,0.394,1.2,3.4,0.365,3.1,7.5,0.405,2.7,7.1,0.389,1.2,3.5,0.348,0.1,0.8,0.167,0.0,0.6,0.0,0.0,0.7,0.0,2006
106,106,353,Darrell Armstrong,1610612754,IND,39.0,5.3,9.3,0.57,1.1,2.3,0.469,0.9,2.4,0.368,1.9,5.0,0.385,1.5,3.8,0.407,0.9,2.4,0.366,0.0,0.7,0.0,0.1,0.5,0.25,0.0,0.4,0.0,2006
107,107,239,Darrick Martin,1610612761,TOR,36.0,2.2,3.6,0.593,0.9,1.7,0.529,0.8,2.1,0.364,1.3,2.7,0.481,1.0,3.2,0.304,0.7,1.8,0.41,0.0,0.7,0.0,0.0,0.0,0.0,0.2,0.7,0.25,2006
108,108,2758,David Harrison,1610612754,IND,24.0,2.5,3.9,0.649,0.7,1.3,0.517,0.3,1.1,0.238,1.3,3.5,0.37,0.9,2.3,0.389,0.6,1.6,0.4,0.0,1.0,0.0,0.0,0.3,0.0,0.0,0.0,0.0,2006
109,109,101135,David Lee,1610612752,NYK,24.0,10.2,17.0,0.598,2.0,5.1,0.384,1.2,3.6,0.338,3.5,8.9,0.39,4.3,10.5,0.409,1.6,4.8,0.331,0.0,0.3,0.0,0.0,0.4,0.0,0.0,0.6,0.0,2006
110,110,200786,David Noel,1610612749,MIL,23.0,4.7,7.3,0.644,0.9,1.9,0.473,0.8,2.2,0.374,1.8,4.5,0.393,1.6,3.6,0.449,0.9,2.5,0.345,0.0,0.5,0.0,0.0,0.5,0.0,0.0,0.8,0.0,2006
111,111,133,David Wesley,1610612739,CLE,36.0,2.9,4.9,0.599,0.7,2.3,0.286,0.8,2.1,0.365,1.7,4.0,0.426,1.4,4.0,0.353,0.4,1.8,0.22,0.0,0.0,0.0,0.0,0.0,0.0,0.0,0.0,0.0,2006
112,112,2561,David West,1610612740,NOK,26.0,12.4,20.8,0.596,2.4,5.7,0.429,2.0,5.1,0.39,4.6,10.7,0.43,5.2,13.3,0.392,1.8,4.8,0.381,0.5,0.5,1.0,0.0,0.8,0.0,0.0,0.8,0.0,2006
113,113,2205,DeSagana Diop,1610612742,DAL,25.0,5.0,8.8,0.564,1.0,3.2,0.317,1.4,3.3,0.432,2.4,6.2,0.389,2.1,5.2,0.404,0.7,2.0,0.336,0.0,0.3,0.0,0.0,0.2,0.0,0.0,0.4,0.0,2006
114,114,2052,DeShawn Stevenson,1610612764,WAS,26.0,11.6,18.9,0.614,1.7,4.6,0.378,1.9,4.2,0.445,4.0,9.7,0.412,3.8,8.3,0.452,1.8,5.3,0.336,0.2,0.3,0.5,0.0,0.6,0.0,0.0,0.3,0.0,2006
115,115,200793,Dee Brown,1610612762,UTA,22.0,2.6,4.2,0.613,0.9,1.8,0.478,0.7,1.4,0.5,0.9,2.5,0.378,1.5,4.2,0.354,0.3,1.3,0.25,1.0,1.0,1.0,0.0,0.0,0.0,0.0,0.8,0.0,2006
116,116,2753,Delonte West,1610612738,BOS,23.0,11.7,19.8,0.589,1.9,4.7,0.414,1.7,3.9,0.431,3.8,9.6,0.398,3.7,9.6,0.39,1.5,4.1,0.366,0.0,0.7,0.0,0.0,0.5,0.0,0.0,0.7,0.0,2006
117,117,2035,DerMarr Johnson,1610612743,DEN,27.0,4.4,7.5,0.588,0.7,2.2,0.338,0.7,2.4,0.288,1.3,3.8,0.344,1.3,3.4,0.385,0.7,1.9,0.354,0.0,0.0,0.0,0.0,1.0,0.0,0.0,0.4,0.0,2006
118,118,1507,Derek Anderson,1610612766,CHA,32.0,8.8,15.3,0.573,1.3,3.8,0.346,1.3,3.2,0.423,2.6,6.8,0.385,2.3,5.7,0.402,1.4,3.5,0.41,0.0,0.7,0.0,0.0,0.0,0.0,0.0,0.8,0.0,2006
119,119,965,Derek Fisher,1610612762,UTA,32.0,9.0,14.8,0.606,1.6,4.1,0.383,1.2,3.1,0.387,2.9,7.1,0.413,4.3,11.5,0.371,1.3,3.3,0.384,0.1,0.3,0.5,0.0,0.2,0.0,0.0,0.8,0.0,2006
120,120,101114,Deron Williams,1610612762,UTA,23.0,12.7,20.8,0.61,2.1,5.8,0.354,1.7,4.4,0.384,3.8,9.4,0.403,5.4,14.5,0.37,1.4,3.9,0.36,0.2,0.4,0.5,0.0,0.4,0.0,0.0,0.6,0.0,2006
121,121,2824,Desmon Farmer,1610612760,SEA,25.0,1.8,2.6,0.667,0.2,1.0,0.167,0.3,0.8,0.333,0.2,1.2,0.143,0.6,1.4,0.4,0.0,0.8,0.0,,,,0.0,0.0,0.0,0.0,1.0,0.0,2006
122,122,2046,Desmond Mason,1610612740,NOK,29.0,11.4,19.2,0.596,2.1,4.9,0.426,2.0,5.0,0.405,4.3,10.6,0.407,5.2,13.1,0.399,1.3,4.1,0.325,0.0,0.4,0.0,0.0,0.8,0.0,0.0,0.7,0.0,2006
123,123,1904,Devean George,1610612742,DAL,29.0,6.5,11.2,0.578,1.3,3.6,0.351,1.3,3.5,0.373,3.0,7.1,0.425,2.1,5.6,0.38,0.8,2.6,0.299,0.0,0.7,0.0,0.0,0.5,0.0,0.0,0.3,0.0,2006
124,124,2484,Devin Brown,1610612740,NOK,28.0,9.5,16.4,0.577,1.9,4.4,0.427,1.7,4.2,0.407,3.7,9.3,0.403,4.1,10.6,0.382,1.2,3.0,0.407,0.0,0.5,0.0,0.0,0.7,0.0,0.0,0.5,0.0,2006
125,125,2734,Devin Harris,1610612742,DAL,24.0,7.8,14.0,0.56,1.7,4.7,0.362,1.6,4.2,0.379,3.6,8.8,0.402,2.6,7.0,0.365,0.8,2.9,0.286,0.1,0.7,0.2,0.0,0.7,0.0,0.0,0.2,0.0,2006
126,126,101159,Dijon Thompson,1610612737,ATL,24.0,2.5,3.7,0.682,1.0,2.0,0.5,0.5,1.5,0.333,1.3,2.7,0.5,0.7,1.5,0.444,1.5,2.8,0.545,,,,,,,0.0,0.0,0.0,2006
127,127,87,Dikembe Mutombo,1610612745,HOU,41.0,3.9,7.5,0.524,1.3,3.2,0.417,1.5,3.4,0.438,2.8,6.9,0.399,1.7,5.0,0.34,1.0,3.0,0.343,0.0,0.5,0.0,,,,0.0,0.9,0.0,2006
128,128,1717,Dirk Nowitzki,1610612742,DAL,29.0,11.4,19.3,0.591,2.2,6.0,0.365,2.5,6.1,0.41,4.9,12.3,0.398,3.9,10.0,0.393,1.2,3.6,0.333,0.2,1.0,0.2,0.0,0.5,0.0,0.0,0.4,0.0,2006
129,129,101182,Donell Taylor,1610612764,WAS,24.0,2.5,4.1,0.595,0.5,1.5,0.333,0.5,1.5,0.353,1.0,2.5,0.404,0.8,2.2,0.355,0.6,1.8,0.342,,,,0.0,0.5,0.0,0.0,0.5,0.0,2006
130,130,923,Donyell Marshall,1610612739,CLE,34.0,5.7,9.6,0.591,0.9,2.5,0.379,0.7,2.3,0.305,2.1,5.4,0.396,1.6,4.9,0.336,0.7,2.3,0.316,0.0,0.4,0.0,0.0,0.5,0.0,0.0,0.4,0.0,2006
131,131,2748,Dorell Wright,1610612748,MIA,21.0,5.8,10.3,0.567,1.4,3.4,0.404,1.1,2.8,0.389,2.7,6.4,0.423,2.4,6.2,0.388,1.2,3.6,0.341,0.0,0.4,0.0,0.0,0.8,0.0,0.0,0.6,0.0,2006
132,132,57,Doug Christie,1610612746,LAC,37.0,3.7,7.3,0.51,1.0,2.2,0.462,1.2,2.8,0.412,1.3,3.6,0.36,1.4,3.2,0.438,0.5,1.3,0.375,,,,0.0,0.0,0.0,0.0,1.0,0.0,2006
133,133,2400,Drew Gooden,1610612739,CLE,25.0,9.9,16.2,0.612,1.8,4.7,0.378,1.7,4.4,0.389,3.6,9.2,0.394,2.9,7.8,0.365,1.1,3.1,0.357,0.0,0.3,0.0,0.0,0.3,0.0,0.0,0.1,0.0,2006
134,134,101204,Dwayne Jones,1610612739,CLE,24.0,1.0,2.3,0.444,0.0,1.0,0.0,0.0,1.0,0.0,1.0,2.0,0.5,1.0,1.8,0.571,0.3,1.3,0.25,,,,,,,,,,2006
135,135,2730,Dwight Howard,1610612753,ORL,21.0,10.0,17.7,0.567,2.5,5.7,0.431,1.9,5.0,0.377,5.2,12.8,0.404,4.2,11.2,0.377,1.8,5.0,0.355,0.2,0.8,0.25,0.0,0.6,0.0,0.0,0.7,0.0,2006
136,136,2548,Dwyane Wade,1610612748,MIA,25.0,12.3,21.2,0.579,2.6,6.8,0.379,2.2,5.6,0.385,5.0,12.4,0.4,4.8,12.2,0.396,1.9,5.9,0.317,0.0,0.6,0.0,0.0,0.8,0.0,0.1,0.6,0.1,2006
137,137,2853,Earl Barron,1610612748,MIA,25.0,2.1,3.3,0.652,0.8,1.6,0.5,0.3,1.1,0.25,1.0,2.1,0.483,1.0,3.2,0.315,0.5,1.4,0.379,,,,,,,0.0,1.0,0.0,2006
138,138,1863,Earl Boykins,1610612749,MIL,31.0,13.0,20.6,0.634,1.9,4.9,0.396,1.6,4.7,0.339,3.8,9.8,0.384,3.4,8.9,0.379,1.8,5.0,0.355,0.0,0.2,0.0,0.0,0.8,0.0,0.1,0.7,0.105,2006
139,139,2248,Earl Watson,1610612760,SEA,28.0,10.4,16.9,0.613,1.6,3.9,0.414,1.5,3.7,0.413,3.4,8.4,0.407,3.3,8.2,0.402,1.7,4.8,0.351,0.4,1.2,0.333,0.0,0.5,0.0,0.0,0.7,0.0,2006
140,140,2204,Eddie Griffin,1610612750,MIN,25.0,3.8,6.5,0.583,0.6,1.5,0.4,0.4,1.1,0.364,0.9,1.8,0.5,1.1,2.3,0.48,0.3,1.1,0.222,,,,,,,0.0,0.3,0.0,2006
141,141,2067,Eddie House,1610612751,NJN,29.0,5.6,9.3,0.605,1.0,2.8,0.362,1.0,2.4,0.422,1.9,4.9,0.378,2.4,5.6,0.424,0.8,2.4,0.326,0.1,0.5,0.167,0.0,0.8,0.0,0.0,0.7,0.0,2006
142,142,224,Eddie Jones,1610612748,MIA,35.0,7.6,12.4,0.616,1.7,4.4,0.381,1.3,3.3,0.395,3.5,8.7,0.409,3.1,8.3,0.381,1.2,3.8,0.32,0.1,0.8,0.167,0.0,0.5,0.0,0.1,0.2,0.333,2006
143,143,2201,Eddy Curry,1610612752,NYK,24.0,11.8,19.1,0.617,2.5,6.2,0.394,1.7,4.7,0.364,4.8,11.8,0.408,5.4,12.0,0.449,1.7,4.7,0.359,0.0,0.3,0.0,0.0,0.6,0.0,0.0,0.6,0.0,2006
144,144,2059,Eduardo Najera,1610612743,DEN,30.0,8.7,14.1,0.616,1.6,3.7,0.425,1.2,2.8,0.413,3.2,7.9,0.398,2.9,7.4,0.391,1.2,3.5,0.35,0.0,0.5,0.0,0.0,1.0,0.0,0.0,0.6,0.0,2006
145,145,1882,Elton Brand,1610612746,LAC,28.0,12.8,22.5,0.569,2.9,6.8,0.423,2.3,5.2,0.438,4.6,11.5,0.402,3.9,9.9,0.39,2.3,6.7,0.335,0.1,0.4,0.333,0.0,0.3,0.0,0.0,0.7,0.0,2006
146,146,2731,Emeka Okafor,1610612766,CHA,24.0,12.5,22.5,0.557,2.5,5.9,0.431,1.7,4.4,0.376,4.6,11.9,0.391,3.3,8.6,0.384,1.6,4.1,0.391,0.0,0.2,0.0,0.0,0.6,0.0,0.0,0.7,0.0,2006
147,147,15,Eric Piatkowski,1610612756,PHX,36.0,2.0,3.2,0.629,0.4,1.3,0.333,1.0,2.0,0.5,1.3,2.8,0.452,0.4,1.1,0.333,0.9,2.4,0.364,0.0,0.0,0.0,,,,0.0,0.0,0.0,2006
148,148,727,Eric Snow,1610612739,CLE,34.0,7.3,12.3,0.591,1.4,3.8,0.365,1.4,3.8,0.366,3.1,7.9,0.399,2.4,6.8,0.349,1.2,3.3,0.354,0.2,0.5,0.333,0.0,0.8,0.0,0.0,0.3,0.0,2006
149,149,677,Eric Williams,1610612766,CHA,34.0,2.3,3.6,0.645,0.5,1.4,0.368,0.6,1.3,0.5,0.8,2.2,0.364,0.6,2.0,0.3,0.2,0.9,0.231,,,,0.0,0.0,0.0,0.0,1.0,0.0,2006
150,150,956,Erick Dampier,1610612742,DAL,31.0,8.4,14.6,0.573,1.7,4.6,0.372,1.6,4.1,0.385,3.5,8.7,0.403,2.3,6.2,0.366,0.7,2.2,0.325,0.3,1.0,0.25,0.0,0.3,0.0,0.0,0.2,0.0,2006
151,151,101141,Ersan Ilyasova,1610612749,MIL,20.0,5.7,9.0,0.632,1.0,2.6,0.371,1.0,2.3,0.432,1.8,4.8,0.374,1.9,4.4,0.432,1.2,3.4,0.357,0.0,0.3,0.0,0.0,2.0,0.0,0.1,0.7,0.1,2006
152,152,101212,Esteban Batista,1610612737,ATL,23.0,2.6,4.9,0.531,0.8,1.4,0.545,0.3,0.5,0.667,0.6,1.5,0.412,0.8,1.8,0.438,0.2,1.3,0.154,0.0,1.0,0.0,,,,,,,2006
153,153,2041,Etan Thomas,1610612764,WAS,29.0,7.2,12.1,0.6,1.1,3.1,0.348,1.2,2.6,0.47,2.4,5.6,0.427,2.4,5.6,0.424,1.3,3.6,0.363,0.0,0.5,0.0,0.0,0.3,0.0,0.1,0.3,0.333,2006
154,154,101177,Fabricio Oberto,1610612759,SAS,32.0,5.2,9.5,0.545,1.6,3.7,0.435,1.4,3.2,0.449,2.1,5.4,0.389,2.1,4.6,0.448,0.5,1.8,0.259,0.0,0.4,0.0,0.0,0.5,0.0,0.0,0.5,0.0,2006
155,155,1922,Francisco Elson,1610612759,SAS,31.0,6.4,11.0,0.576,1.8,4.1,0.427,1.4,3.9,0.368,2.3,5.9,0.397,1.6,4.5,0.355,0.6,2.1,0.276,0.0,0.0,0.0,0.0,0.8,0.0,0.0,0.6,0.0,2006
156,156,101128,Francisco Garcia,1610612758,SAC,25.0,5.8,9.6,0.601,1.3,3.1,0.43,1.0,2.4,0.405,2.2,6.0,0.37,2.7,6.8,0.392,0.9,3.0,0.305,0.0,0.8,0.0,0.0,0.7,0.0,0.0,0.7,0.0,2006
157,157,2410,Fred Jones,1610612757,POR,28.0,8.0,12.8,0.627,1.6,3.6,0.455,1.2,2.7,0.432,2.3,6.0,0.385,2.9,8.0,0.368,0.9,2.6,0.359,0.0,0.8,0.0,0.0,0.7,0.0,0.0,0.4,0.125,2006
158,158,56,Gary Payton,1610612748,MIA,38.0,6.3,11.1,0.57,1.7,4.1,0.414,1.4,3.4,0.413,3.0,7.5,0.396,2.7,6.8,0.392,1.5,3.7,0.395,0.0,0.7,0.0,0.3,0.8,0.333,0.0,0.2,0.0,2006
159,159,101123,Gerald Green,1610612738,BOS,21.0,7.7,13.2,0.586,1.0,2.7,0.365,1.4,3.1,0.43,2.7,6.5,0.412,2.6,6.0,0.431,1.0,2.7,0.366,0.0,0.9,0.0,0.0,0.4,0.0,0.0,0.5,0.071,2006
160,160,2222,Gerald Wallace,1610612766,CHA,24.0,13.7,23.3,0.587,2.6,5.9,0.443,1.6,4.7,0.335,4.7,11.1,0.424,3.6,9.0,0.401,1.7,4.8,0.349,0.0,0.3,0.0,0.0,0.5,0.0,0.0,0.7,0.0,2006
161,161,2240,Gilbert Arenas,1610612764,WAS,25.0,14.6,24.1,0.607,2.4,6.2,0.381,2.6,5.6,0.46,5.1,12.5,0.404,4.9,11.6,0.426,2.9,8.4,0.346,0.1,0.3,0.333,0.0,0.5,0.0,0.1,0.5,0.111,2006
162,162,1921,Gordan Giricek,1610612762,UTA,30.0,5.7,9.2,0.62,1.1,3.4,0.325,0.9,2.2,0.423,1.9,5.0,0.38,2.9,7.8,0.376,0.6,2.1,0.303,0.0,0.4,0.0,0.0,0.3,0.0,0.0,0.6,0.0,2006
163,163,255,Grant Hill,1610612753,ORL,34.0,8.4,14.8,0.565,2.0,4.8,0.423,1.7,4.5,0.373,4.4,11.2,0.394,3.7,9.0,0.409,1.7,4.5,0.371,0.2,0.6,0.333,0.0,0.5,0.0,0.0,0.8,0.0,2006
164,164,1761,Greg Buckner,1610612742,DAL,30.0,5.5,9.4,0.592,1.0,3.0,0.339,1.1,3.2,0.355,2.5,6.1,0.4,1.9,4.9,0.397,0.9,2.5,0.341,0.3,0.7,0.5,0.0,0.0,0.0,0.0,0.3,0.0,2006
165,165,101124,Hakim Warrick,1610612763,MEM,24.0,10.3,16.7,0.617,1.8,4.0,0.458,1.5,3.3,0.438,3.0,7.0,0.431,3.4,8.3,0.412,1.9,5.1,0.362,0.2,0.3,0.667,0.2,0.3,0.5,0.0,0.5,0.0,2006
166,166,200801,Hassan Adams,1610612751,NJN,23.0,2.6,4.4,0.602,0.6,1.7,0.344,1.0,2.3,0.43,1.0,3.0,0.343,1.7,4.3,0.398,0.4,1.8,0.224,1.0,1.0,1.0,0.0,0.3,0.0,0.0,0.5,0.0,2006
167,167,2045,Hedo Turkoglu,1610612753,ORL,28.0,8.2,14.9,0.55,2.3,5.3,0.43,1.7,4.3,0.401,4.6,10.7,0.43,3.5,9.5,0.369,1.6,4.2,0.375,0.3,0.7,0.4,0.0,0.7,0.0,0.0,0.5,0.0,2006
168,168,200756,Hilton Armstrong,1610612740,NOK,22.0,3.1,6.0,0.524,0.8,2.2,0.379,0.6,1.7,0.349,1.4,3.4,0.394,1.9,4.5,0.415,0.8,2.1,0.377,0.0,1.0,0.0,,,,0.0,0.8,0.0,2006
169,169,101113,Ike Diogu,1610612754,IND,23.0,4.3,8.0,0.544,1.1,2.1,0.532,0.5,1.8,0.265,1.8,4.6,0.383,1.5,3.8,0.393,0.4,1.8,0.234,0.3,0.8,0.333,0.0,0.3,0.0,0.0,0.2,0.0,2006
170,170,2137,Ime Udoka,1610612757,POR,29.0,10.7,17.8,0.601,1.7,4.2,0.408,1.4,3.3,0.43,3.2,7.5,0.432,3.7,9.6,0.386,1.1,3.2,0.332,0.0,0.8,0.0,0.0,0.0,0.0,0.0,0.5,0.0,2006
171,171,1956,Ira Newble,1610612739,CLE,32.0,3.5,5.5,0.634,1.3,2.1,0.588,0.6,1.9,0.333,0.9,2.9,0.317,0.9,2.6,0.333,0.5,1.5,0.294,,,,0.0,1.0,0.0,0.0,0.0,0.0,2006
172,172,200829,Ivan McFarlin,1610612755,PHI,25.0,1.2,2.1,0.565,0.6,1.0,0.6,0.3,0.6,0.5,1.0,1.8,0.563,0.5,0.7,0.75,0.3,0.9,0.286,0.0,0.0,0.0,,,,0.0,0.0,0.0,2006
173,173,2747,J.R. Smith,1610612743,DEN,21.0,9.2,14.9,0.615,1.8,4.1,0.437,1.0,3.2,0.317,3.1,7.7,0.408,2.8,8.1,0.348,1.6,4.3,0.369,0.0,0.8,0.0,0.0,1.0,0.0,0.0,0.4,0.0,2006
174,174,200755,JJ Redick,1610612753,ORL,23.0,4.5,7.8,0.574,1.0,2.4,0.392,0.7,1.9,0.362,1.8,4.6,0.388,1.4,4.2,0.329,1.1,2.7,0.402,0.0,0.8,0.0,0.0,0.3,0.0,0.0,0.6,0.0,2006
175,175,2866,Jackie Butler,1610612759,SAS,22.0,3.4,4.5,0.74,0.8,2.6,0.286,0.8,1.8,0.429,1.2,3.5,0.343,2.1,4.3,0.5,0.7,2.1,0.333,,,,,,,1.0,1.0,1.0,2006
176,176,1521,Jacque Vaughn,1610612759,SAS,32.0,3.5,6.6,0.527,0.9,2.8,0.321,0.9,2.3,0.405,1.6,4.1,0.381,1.4,3.4,0.427,0.4,2.1,0.181,0.0,0.0,0.0,0.0,0.7,0.0,0.1,0.9,0.143,2006
177,177,2054,Jake Tsakalidis,1610612745,HOU,28.0,3.5,5.9,0.599,0.8,2.0,0.39,0.9,2.3,0.381,1.6,3.7,0.429,1.1,2.9,0.374,0.6,2.1,0.303,0.0,0.8,0.0,0.0,0.3,0.0,0.0,0.5,0.0,2006
178,178,2063,Jake Voskuhl,1610612766,CHA,29.0,5.0,8.1,0.623,0.9,2.3,0.395,0.8,2.0,0.38,2.0,4.4,0.446,1.6,3.8,0.418,0.7,2.1,0.338,0.0,0.3,0.0,0.0,0.3,0.0,0.0,0.7,0.0,2006
179,179,147,Jalen Rose,1610612756,PHX,34.0,2.6,3.7,0.701,1.2,2.5,0.473,0.3,1.3,0.25,1.4,3.1,0.44,1.1,2.8,0.413,0.2,1.5,0.154,0.0,1.0,0.0,,,,0.0,0.5,0.0,2006
180,180,2048,Jamaal Magloire,1610612757,POR,29.0,7.8,12.8,0.607,1.1,2.8,0.392,1.2,2.7,0.465,2.2,5.6,0.386,2.9,7.3,0.39,0.8,2.8,0.287,0.2,0.7,0.25,0.0,0.0,0.0,0.0,0.4,0.0,2006
181,181,2224,Jamaal Tinsley,1610612754,IND,29.0,10.0,17.4,0.571,2.1,5.1,0.409,2.0,5.0,0.402,4.4,10.6,0.415,3.3,8.4,0.395,1.6,4.2,0.38,0.2,0.8,0.25,0.0,0.2,0.0,0.0,0.5,0.0,2006
182,182,2037,Jamal Crawford,1610612752,NYK,27.0,13.2,20.9,0.629,2.5,6.6,0.383,1.6,4.6,0.348,4.5,11.4,0.391,5.3,12.8,0.415,1.9,5.8,0.328,0.2,0.4,0.5,0.0,0.4,0.0,0.0,0.5,0.0,2006
183,183,2441,Jamal Sampson,1610612743,DEN,24.0,2.0,3.7,0.556,0.8,1.8,0.429,0.6,2.2,0.25,1.3,2.6,0.486,0.7,2.1,0.359,0.7,1.4,0.476,,,,,,,0.0,0.7,0.0,2006
184,184,2749,Jameer Nelson,1610612753,ORL,25.0,8.0,14.0,0.571,2.1,4.8,0.433,1.7,4.3,0.389,4.4,10.5,0.418,3.5,9.5,0.366,1.6,4.4,0.379,0.2,0.7,0.25,0.0,0.8,0.0,0.0,0.7,0.0,2006
185,185,200788,James Augustine,1610612753,ORL,23.0,2.0,3.0,0.667,0.0,1.0,0.0,,,,1.0,1.5,0.667,0.0,0.5,0.0,1.0,2.0,0.5,,,,,,,,,,2006
186,186,2592,James Jones,1610612756,PHX,26.0,5.7,9.6,0.597,1.7,3.9,0.432,1.3,3.5,0.377,2.7,6.8,0.393,1.8,4.8,0.366,1.2,3.6,0.325,0.0,0.3,0.0,0.0,0.6,0.0,0.0,0.6,0.0,2006
187,187,2591,James Lang,1610612764,WAS,23.0,1.5,2.4,0.615,0.6,1.3,0.444,0.4,1.4,0.286,0.7,2.7,0.25,0.4,1.6,0.231,0.7,2.1,0.333,,,,,,,0.0,1.0,0.0,2006
188,188,1899,James Posey,1610612748,MIA,30.0,7.1,12.1,0.589,1.8,4.1,0.448,1.6,3.8,0.413,3.7,9.2,0.404,3.4,8.9,0.381,1.7,4.9,0.337,0.1,0.6,0.143,0.0,0.8,0.0,0.0,0.7,0.067,2006
189,189,101189,James Singleton,1610612746,LAC,25.0,1.9,3.5,0.551,0.7,1.8,0.418,0.7,1.4,0.481,1.3,3.1,0.403,0.9,2.7,0.347,0.6,1.9,0.333,0.0,0.0,0.0,,,,0.0,0.5,0.0,2006
190,190,200778,James White,1610612759,SAS,24.0,7.3,12.3,0.595,2.2,4.2,0.524,2.0,4.3,0.462,2.8,8.2,0.347,3.5,7.3,0.477,1.2,3.4,0.353,,,,,,,0.5,1.0,0.5,2006
191,191,2457,Jannero Pargo,1610612740,NOK,27.0,6.3,11.1,0.564,1.1,3.0,0.363,1.1,2.9,0.393,2.5,6.5,0.389,3.0,8.1,0.369,0.9,2.7,0.335,0.2,0.6,0.333,0.0,0.7,0.0,0.0,0.7,0.0,2006
192,192,2407,Jared Jeffries,1610612752,NYK,25.0,7.4,12.3,0.604,1.6,3.7,0.438,1.1,3.1,0.338,3.4,7.9,0.429,3.9,9.2,0.43,1.2,3.3,0.363,0.3,0.3,1.0,0.0,0.0,0.0,0.0,0.2,0.0,2006
193,193,2876,Jared Reiner,1610612749,MIL,25.0,4.1,5.9,0.692,0.5,1.2,0.417,0.4,1.4,0.303,1.6,3.5,0.448,1.3,3.0,0.431,0.6,1.7,0.375,0.0,1.0,0.0,0.0,1.0,0.0,0.0,0.8,0.0,2006
194,194,101127,Jarrett Jack,1610612757,POR,23.0,12.7,20.9,0.606,1.8,4.8,0.371,1.6,4.0,0.408,3.8,9.0,0.423,4.5,11.4,0.391,1.3,3.9,0.336,0.0,0.6,0.0,0.0,0.3,0.0,0.0,0.3,0.0,2006
195,195,2260,Jarron Collins,1610612762,UTA,28.0,2.9,4.8,0.598,0.7,1.7,0.43,0.5,1.4,0.386,1.2,2.7,0.438,1.7,4.8,0.362,0.5,1.4,0.341,0.0,0.2,0.0,0.0,0.3,0.0,0.0,0.6,0.0,2006
196,196,2553,Jarvis Hayes,1610612764,WAS,25.0,7.2,11.7,0.613,1.1,2.9,0.388,1.3,2.8,0.477,2.3,5.9,0.392,2.6,5.9,0.438,1.4,4.3,0.314,0.0,0.4,0.0,0.0,0.2,0.0,0.1,0.3,0.25,2006
197,197,2215,Jason Collins,1610612751,NJN,28.0,6.1,11.0,0.555,1.6,3.6,0.438,1.3,3.3,0.401,3.6,8.6,0.421,3.2,7.8,0.41,0.8,3.0,0.281,0.0,0.3,0.0,0.0,0.5,0.0,0.0,0.5,0.0,2006
198,198,2078,Jason Hart,1610612746,LAC,29.0,7.4,12.5,0.59,2.1,4.8,0.434,1.5,3.8,0.393,3.4,8.2,0.413,2.9,7.0,0.413,1.9,5.2,0.364,0.3,0.7,0.5,,,,0.0,0.6,0.0,2006
199,199,2574,Jason Kapono,1610612748,MIA,26.0,7.8,14.0,0.561,2.0,4.9,0.418,1.6,3.8,0.408,3.2,8.2,0.393,3.6,8.9,0.404,1.4,4.3,0.329,0.0,0.8,0.0,0.1,0.7,0.2,0.1,0.5,0.125,2006
200,200,467,Jason Kidd,1610612751,NJN,34.0,10.9,18.6,0.583,2.4,5.6,0.421,2.1,5.1,0.41,5.3,13.0,0.406,5.0,12.0,0.419,1.4,5.1,0.276,0.0,0.3,0.0,0.0,0.5,0.0,0.0,0.7,0.0,2006
201,201,101131,Jason Maxiell,1610612765,DET,24.0,4.4,8.2,0.535,0.7,2.3,0.302,0.8,2.2,0.38,2.0,5.3,0.384,1.4,4.0,0.365,0.7,2.3,0.304,0.0,1.0,0.0,0.0,1.0,0.0,0.0,0.5,0.0,2006
202,202,2202,Jason Richardson,1610612744,GSW,26.0,12.9,21.9,0.59,1.9,4.8,0.406,1.5,3.5,0.42,3.3,9.3,0.352,4.0,10.6,0.375,2.2,6.0,0.362,0.2,0.4,0.5,0.0,0.0,0.0,0.0,0.7,0.0,2006
203,203,1891,Jason Terry,1610612742,DAL,29.0,11.2,19.2,0.584,2.3,6.3,0.362,2.4,5.9,0.402,4.7,11.7,0.398,3.5,9.0,0.391,1.2,3.4,0.337,0.2,0.5,0.333,0.0,0.5,0.0,0.0,0.4,0.0,2006
204,204,1715,Jason Williams,1610612748,MIA,31.0,9.3,16.0,0.578,1.9,4.9,0.39,1.9,4.5,0.412,4.2,10.7,0.389,4.0,10.3,0.385,1.5,4.5,0.335,0.1,0.9,0.143,0.2,1.0,0.2,0.0,0.2,0.0,2006
205,205,1902,Jeff Foster,1610612754,IND,30.0,7.5,13.2,0.566,1.6,3.7,0.431,1.5,3.9,0.375,3.0,7.4,0.4,2.5,5.6,0.449,1.2,3.1,0.371,0.0,0.7,0.0,0.0,0.7,0.0,0.0,0.3,0.0,2006
206,206,976,Jeff McInnis,1610612766,CHA,32.0,7.4,12.3,0.603,1.4,3.2,0.422,0.9,2.3,0.398,2.2,5.5,0.395,1.9,4.8,0.404,0.8,2.5,0.341,0.0,0.8,0.0,0.0,0.5,0.0,0.0,0.6,0.0,2006
207,207,200978,Jeremy Richardson,1610612757,POR,23.0,1.2,1.8,0.636,0.3,1.0,0.25,0.0,1.0,0.0,1.0,1.3,0.75,1.5,1.5,1.0,0.6,1.0,0.6,,,,,,,,,,2006
208,208,979,Jermaine O'Neal,1610612754,IND,28.0,11.3,20.9,0.543,2.4,6.2,0.392,2.4,5.8,0.413,4.8,12.2,0.395,3.4,8.7,0.392,1.9,4.8,0.398,0.0,0.0,0.0,0.0,1.0,0.0,0.0,0.5,0.0,2006
209,209,1744,Jerome James,1610612752,NYK,31.0,1.7,3.1,0.527,0.3,1.0,0.273,0.5,1.0,0.484,0.9,3.0,0.291,0.8,2.3,0.36,0.4,1.3,0.326,0.0,0.0,0.0,,,,0.0,0.3,0.0,2006
210,210,711,Jerry Stackhouse,1610612742,DAL,32.0,7.7,13.3,0.58,1.8,4.2,0.428,1.5,3.7,0.401,3.0,7.6,0.396,2.5,6.4,0.394,0.8,2.7,0.314,0.0,0.2,0.0,0.0,0.3,0.0,0.0,0.6,0.0,2006
211,211,2207,Joe Johnson,1610612737,ATL,26.0,15.2,26.9,0.565,2.6,6.3,0.411,1.9,5.0,0.379,4.9,12.5,0.394,3.0,8.0,0.381,2.9,7.3,0.397,0.0,0.3,0.0,0.0,0.5,0.0,0.0,0.5,0.0,2006
212,212,693,Joe Smith,1610612755,PHI,31.0,8.3,13.4,0.618,1.4,3.4,0.396,1.0,3.0,0.333,3.3,7.8,0.415,2.6,6.8,0.385,1.3,4.0,0.31,0.0,0.5,0.0,0.2,0.4,0.5,0.0,0.7,0.0,2006
213,213,2038,Joel Przybilla,1610612757,POR,27.0,5.6,10.1,0.553,1.0,2.7,0.386,0.6,2.0,0.313,2.1,4.6,0.455,2.0,5.1,0.38,0.7,2.0,0.345,0.0,1.0,0.0,0.0,0.0,0.0,0.0,0.3,0.0,2006
214,214,101121,Joey Graham,1610612761,TOR,25.0,5.3,8.8,0.599,1.2,2.7,0.431,0.9,2.3,0.406,2.2,5.6,0.4,2.5,6.4,0.389,0.9,2.3,0.379,0.1,1.0,0.111,0.0,0.5,0.0,0.0,0.5,0.0,2006
215,215,101130,Johan Petro,1610612760,SEA,21.0,7.1,10.9,0.65,1.2,2.7,0.452,1.0,2.4,0.395,2.1,5.7,0.369,2.0,5.6,0.359,1.4,3.2,0.42,0.2,1.0,0.167,0.0,0.0,0.0,0.0,0.6,0.0,2006
216,216,101249,John Lucas III,1610612745,HOU,24.0,1.9,3.5,0.558,0.8,1.8,0.438,0.7,1.7,0.407,1.4,3.4,0.4,1.1,2.6,0.41,0.7,1.7,0.382,,,,0.0,1.0,0.0,0.0,0.8,0.0,2006
217,217,2422,John Salmons,1610612758,SAC,27.0,8.9,14.4,0.618,2.4,5.1,0.467,1.2,3.1,0.372,3.2,8.4,0.379,4.2,10.6,0.395,1.3,4.0,0.326,0.0,0.6,0.0,0.0,0.3,0.0,0.0,0.7,0.0,2006
218,218,200770,Jordan Farmar,1610612747,LAL,20.0,5.1,8.8,0.585,1.1,2.8,0.384,0.9,2.3,0.368,1.6,4.1,0.384,1.6,4.2,0.388,0.8,2.8,0.288,0.0,1.2,0.0,0.0,0.5,0.0,0.0,0.4,0.0,2006
219,219,200816,Jorge Garbajosa,1610612761,TOR,29.0,9.9,16.4,0.601,2.4,5.0,0.483,1.3,3.2,0.393,3.5,9.1,0.388,3.8,10.5,0.36,1.3,3.6,0.364,0.1,0.9,0.167,0.0,0.8,0.0,0.1,0.7,0.154,2006
220,220,101181,Jose Calderon,1610612761,TOR,25.0,7.5,11.7,0.639,1.4,3.4,0.403,1.0,2.5,0.418,2.2,5.7,0.386,3.2,8.2,0.393,0.8,2.5,0.321,0.1,0.9,0.083,0.0,0.8,0.0,0.1,0.5,0.125,2006
221,221,200826,Jose Juan Barea,1610612742,DAL,23.0,1.8,2.8,0.628,0.6,1.4,0.4,0.7,1.7,0.412,0.7,2.0,0.345,0.6,2.0,0.304,0.7,1.8,0.375,1.0,1.0,1.0,0.0,0.0,0.0,0.0,1.5,0.0,2006
222,222,200767,Josh Boone,1610612751,NJN,22.0,3.5,6.3,0.553,0.6,1.9,0.308,0.7,1.7,0.425,1.4,4.0,0.363,1.6,4.3,0.38,0.6,1.7,0.321,0.0,0.5,0.0,0.0,0.0,0.0,0.0,0.9,0.0,2006
223,223,2735,Josh Childress,1610612737,ATL,24.0,13.7,24.5,0.559,2.2,5.3,0.409,1.6,4.1,0.402,4.7,11.6,0.404,2.8,7.2,0.388,2.2,6.8,0.328,0.0,0.3,0.0,0.0,0.7,0.0,0.0,0.4,0.0,2006
224,224,2572,Josh Howard,1610612742,DAL,27.0,10.7,18.7,0.573,2.2,5.9,0.373,2.3,5.7,0.406,4.8,11.8,0.41,3.8,9.4,0.4,1.1,3.1,0.343,0.2,0.8,0.2,0.0,0.3,0.0,0.0,0.5,0.0,2006
225,225,2694,Josh Powell,1610612744,GSW,24.0,4.3,7.2,0.592,0.4,1.4,0.31,0.3,1.1,0.25,1.2,3.0,0.398,1.1,3.0,0.374,1.1,2.9,0.372,0.0,0.5,0.0,0.0,0.0,0.0,0.0,0.0,0.0,2006
226,226,2746,Josh Smith,1610612737,ATL,21.0,13.5,24.3,0.557,2.2,5.7,0.391,1.8,4.3,0.407,4.5,11.3,0.403,2.8,7.1,0.393,2.8,6.9,0.402,0.0,0.4,0.0,0.0,0.5,0.0,0.0,0.4,0.0,2006
227,227,2413,Juan Dixon,1610612761,TOR,28.0,8.2,14.0,0.591,1.3,3.3,0.404,1.1,2.8,0.4,2.5,6.2,0.406,3.3,8.5,0.394,1.0,3.3,0.303,0.3,1.0,0.25,0.0,0.5,0.0,0.1,0.6,0.125,2006
228,228,101125,Julius Hodge,1610612749,MIL,23.0,3.3,5.9,0.566,0.3,1.5,0.222,1.3,2.3,0.556,0.6,1.8,0.313,0.9,3.0,0.292,0.3,1.1,0.222,,,,,,,0.0,0.0,0.0,2006
229,229,1908,Jumaine Jones,1610612756,PHX,28.0,2.9,3.8,0.754,0.8,1.8,0.414,0.5,1.2,0.467,0.8,2.9,0.288,0.7,1.8,0.406,0.4,1.5,0.231,,,,,,,0.0,0.7,0.0,2006
230,230,2454,Junior Harrington,1610612763,MEM,26.0,6.5,11.4,0.57,1.4,2.6,0.521,1.0,2.6,0.371,2.1,5.0,0.417,2.4,6.0,0.397,1.8,4.6,0.396,0.3,0.7,0.5,,,,0.0,0.6,0.0,2006
231,231,2770,Justin Reed,1610612750,MIN,25.0,3.0,4.4,0.694,0.6,1.4,0.429,0.6,1.3,0.463,0.9,2.6,0.353,1.2,3.1,0.385,0.7,2.0,0.361,,,,0.0,0.0,0.0,0.0,0.2,0.0,2006
232,232,200818,Justin Williams,1610612758,SAC,23.0,5.3,8.4,0.633,0.7,1.7,0.421,1.1,2.3,0.455,1.6,4.3,0.367,1.7,4.2,0.392,0.9,2.2,0.396,0.0,1.0,0.0,,,,0.0,0.0,0.0,2006
233,233,436,Juwan Howard,1610612745,HOU,34.0,7.1,12.9,0.548,2.0,4.4,0.449,1.9,4.5,0.42,4.1,9.8,0.417,2.7,7.5,0.361,1.9,4.6,0.416,0.0,0.7,0.0,0.0,0.8,0.0,0.0,0.9,0.0,2006
234,234,2586,Keith Bogans,1610612753,ORL,27.0,4.5,7.8,0.572,1.2,3.0,0.396,1.0,2.4,0.414,2.3,5.2,0.436,1.8,5.2,0.354,0.9,2.5,0.352,0.2,0.6,0.333,0.0,0.3,0.0,0.0,0.4,0.0,2006
235,235,2693,Keith McLeod,1610612754,IND,27.0,5.6,9.4,0.598,1.5,3.3,0.466,0.8,2.5,0.337,1.8,4.7,0.384,2.0,4.7,0.429,0.7,2.4,0.304,0.3,0.3,1.0,0.0,0.0,0.0,0.0,0.4,0.0,2006
236,236,101235,Kelenna Azubuike,1610612744,GSW,23.0,6.4,10.9,0.585,0.9,2.5,0.378,0.7,1.9,0.357,2.5,5.8,0.432,2.4,5.9,0.409,1.8,3.9,0.451,0.0,0.0,0.0,0.0,0.0,0.0,0.0,0.6,0.0,2006
237,237,1509,Kelvin Cato,1610612752,NYK,32.0,1.2,2.6,0.478,0.7,2.1,0.32,0.4,1.1,0.333,0.5,1.9,0.258,0.8,2.1,0.382,0.5,1.1,0.429,1.0,1.0,1.0,0.0,0.0,0.0,0.0,0.5,0.0,2006
238,238,2570,Kendrick Perkins,1610612738,BOS,22.0,7.7,13.7,0.559,1.4,3.5,0.398,1.2,3.1,0.383,2.8,7.0,0.402,2.3,5.7,0.402,1.0,2.7,0.372,0.0,1.0,0.0,0.0,0.0,0.0,0.1,0.6,0.167,2006
239,239,1903,Kenny Thomas,1610612758,SAC,29.0,8.2,12.5,0.659,2.3,5.0,0.461,1.0,2.9,0.346,3.3,7.2,0.464,3.4,8.5,0.405,1.0,2.6,0.383,0.0,0.5,0.0,0.0,0.0,0.0,0.0,0.8,0.0,2006
240,240,2030,Kenyon Martin,1610612743,DEN,29.0,5.5,10.0,0.55,5.5,9.5,0.579,2.5,5.0,0.5,6.5,14.5,0.448,1.5,7.5,0.2,3.0,6.0,0.5,0.0,0.0,0.0,,,,0.0,0.0,0.0,2006
241,241,708,Kevin Garnett,1610612750,MIN,31.0,13.3,22.2,0.601,2.4,5.4,0.444,2.0,5.5,0.364,5.1,13.3,0.385,4.9,12.8,0.383,1.9,5.9,0.328,0.0,0.8,0.0,0.3,0.7,0.5,0.0,0.4,0.1,2006
242,242,2755,Kevin Martin,1610612758,SAC,24.0,12.9,20.1,0.64,3.5,7.2,0.488,1.8,4.4,0.398,4.5,10.7,0.416,5.0,12.7,0.391,1.5,4.3,0.353,0.0,0.6,0.0,0.0,0.4,0.0,0.0,0.6,0.0,2006
243,243,1563,Kevin Ollie,1610612755,PHI,34.0,6.5,10.8,0.605,1.2,3.0,0.4,0.9,2.5,0.378,2.0,5.0,0.407,1.6,4.0,0.392,1.3,3.5,0.374,0.0,0.7,0.0,0.3,1.0,0.333,0.0,0.8,0.0,2006
244,244,788,Kevin Willis,1610612742,DAL,44.0,2.0,2.6,0.769,0.6,2.0,0.3,0.8,1.5,0.5,1.3,3.0,0.417,0.0,1.6,0.0,0.5,1.3,0.4,1.0,1.0,1.0,,,,,,,2006
245,245,200838,Kevinn Pinkney,1610612738,BOS,23.0,5.5,9.5,0.579,1.3,2.3,0.571,0.8,1.8,0.455,2.0,4.5,0.444,1.3,2.8,0.471,0.8,2.3,0.357,,,,,,,0.0,0.0,0.0,2006
246,246,2039,Keyon Dooling,1610612753,ORL,27.0,6.7,11.4,0.59,1.2,3.0,0.402,1.0,3.0,0.33,2.6,6.4,0.405,2.3,6.3,0.373,1.1,3.0,0.35,0.0,0.6,0.0,0.0,0.5,0.0,0.0,0.8,0.0,2006
247,247,2550,Kirk Hinrich,1610612741,CHI,26.0,10.8,19.7,0.55,2.0,4.6,0.43,1.9,5.5,0.337,4.7,11.6,0.409,4.2,11.2,0.375,2.0,5.6,0.36,0.1,0.8,0.167,0.0,0.2,0.0,0.0,0.6,0.0,2006
248,248,2745,Kirk Snyder,1610612745,HOU,24.0,3.2,6.2,0.506,1.2,2.8,0.443,1.5,3.7,0.419,2.7,6.2,0.442,1.9,4.6,0.404,1.1,2.5,0.425,,,,0.0,0.0,0.0,0.0,1.0,0.0,2006
249,249,977,Kobe Bryant,1610612747,LAL,28.0,14.9,25.5,0.584,2.9,7.2,0.411,2.2,5.9,0.372,4.9,12.0,0.411,4.2,10.2,0.406,2.6,7.8,0.329,0.2,1.0,0.167,0.0,0.3,0.0,0.0,0.7,0.048,2006
250,250,2743,Kris Humphries,1610612761,TOR,22.0,3.9,6.3,0.616,1.0,2.3,0.418,0.5,1.4,0.358,1.3,3.5,0.378,1.8,4.5,0.409,0.6,1.7,0.375,0.0,0.3,0.0,0.0,0.5,0.0,0.1,0.6,0.222,2006
251,251,703,Kurt Thomas,1610612756,PHX,34.0,5.6,8.8,0.64,1.5,3.6,0.412,1.1,3.4,0.32,2.9,7.5,0.391,2.0,5.2,0.377,1.1,3.3,0.343,0.0,0.8,0.0,0.1,0.8,0.143,0.0,0.8,0.0,2006
252,252,2198,Kwame Brown,1610612747,LAL,25.0,10.1,16.5,0.614,1.8,4.8,0.367,1.8,4.3,0.412,3.6,8.1,0.44,2.7,6.1,0.438,2.0,5.3,0.375,0.5,1.0,0.5,,,,0.1,0.5,0.167,2006
253,253,2594,Kyle Korver,1610612755,PHI,26.0,10.9,18.3,0.596,1.7,4.4,0.385,1.7,4.5,0.369,3.4,8.7,0.393,3.3,8.0,0.413,2.1,6.4,0.331,0.1,0.6,0.143,0.2,0.6,0.333,0.0,0.7,0.048,2006
254,254,200768,Kyle Lowry,1610612763,MEM,21.0,5.1,8.0,0.638,1.0,3.0,0.333,1.1,2.0,0.55,0.9,3.7,0.243,2.2,5.1,0.431,0.9,3.2,0.281,,,,0.5,1.0,0.5,0.0,1.0,0.0,2006
255,255,200746,LaMarcus Aldridge,1610612757,POR,21.0,7.5,12.6,0.595,1.3,3.1,0.418,1.0,2.5,0.416,2.5,6.0,0.414,3.2,8.5,0.38,1.0,2.7,0.383,0.2,0.5,0.333,0.0,0.0,0.0,0.0,0.4,0.0,2006
256,256,1885,Lamar Odom,1610612747,LAL,27.0,14.0,23.9,0.586,3.0,7.6,0.397,2.1,5.6,0.367,4.4,11.0,0.401,4.0,9.7,0.412,2.9,8.4,0.353,0.1,0.9,0.167,0.0,0.3,0.0,0.0,0.6,0.0,2006
257,257,1716,Larry Hughes,1610612739,CLE,28.0,12.7,20.9,0.606,2.3,5.8,0.391,1.8,5.1,0.357,5.1,12.7,0.399,3.8,10.7,0.358,1.5,4.2,0.355,0.1,0.6,0.25,0.0,0.3,0.0,0.0,0.4,0.0,2006
258,258,101160,Lawrence Roberts,1610612763,MEM,24.0,7.0,11.6,0.603,1.3,3.1,0.423,1.3,2.9,0.455,2.1,5.6,0.381,2.3,4.9,0.481,1.0,2.6,0.365,0.5,1.0,0.5,0.3,0.5,0.5,0.0,0.3,0.0,2006
259,259,2544,LeBron James,1610612739,CLE,22.0,13.3,22.4,0.594,2.4,6.3,0.384,2.2,6.0,0.369,5.4,13.5,0.401,4.1,11.8,0.344,1.7,5.0,0.348,0.1,0.5,0.25,0.0,0.5,0.0,0.0,0.3,0.0,2006
260,260,2571,Leandro Barbosa,1610612756,PHX,24.0,10.9,17.5,0.626,2.7,6.6,0.413,2.2,5.8,0.373,4.6,12.1,0.381,3.5,8.8,0.402,2.2,6.4,0.351,0.0,0.7,0.0,0.1,0.8,0.111,0.0,0.6,0.0,2006
261,261,200796,Leon Powe,1610612738,BOS,23.0,4.0,6.8,0.58,0.8,2.0,0.4,0.7,1.6,0.411,1.3,3.6,0.368,1.4,3.4,0.414,0.5,1.5,0.316,0.0,0.0,0.0,0.0,0.5,0.0,0.0,0.3,0.0,2006
262,262,101132,Linas Kleiza,1610612743,DEN,22.0,6.8,10.9,0.624,1.4,3.5,0.39,0.9,2.5,0.341,2.9,7.0,0.413,2.3,6.4,0.364,1.2,3.3,0.357,0.0,0.5,0.0,0.0,1.0,0.0,0.0,0.6,0.0,2006
263,263,283,Lindsey Hunter,1610612765,DET,36.0,4.7,8.0,0.59,0.7,1.7,0.405,0.7,1.8,0.374,2.0,4.8,0.417,1.7,4.2,0.395,0.7,2.3,0.291,0.3,0.7,0.5,0.0,0.8,0.0,0.0,0.4,0.0,2006
264,264,2669,Linton Johnson,1610612740,NOK,27.0,3.9,7.0,0.566,0.6,1.9,0.323,0.8,2.1,0.406,1.6,4.2,0.389,1.9,5.4,0.346,0.6,1.6,0.38,0.2,0.7,0.25,,,,0.0,0.9,0.0,2006
265,265,953,Lorenzen Wright,1610612737,ATL,31.0,5.5,9.2,0.597,1.0,2.4,0.425,0.6,1.9,0.339,2.0,5.1,0.401,1.3,3.1,0.412,1.1,2.8,0.38,0.0,0.3,0.0,0.0,1.0,0.0,0.0,0.5,0.0,2006
266,266,200811,Lou Amundson,1610612755,PHI,24.0,2.5,5.3,0.483,0.3,1.0,0.3,0.6,1.8,0.357,1.9,3.6,0.528,0.8,2.3,0.36,0.6,1.8,0.357,,,,0.0,0.0,0.0,,,,2006
267,267,101150,Lou Williams,1610612755,PHI,20.0,4.0,6.7,0.596,0.6,1.6,0.365,0.7,1.9,0.349,1.5,3.9,0.398,1.3,3.5,0.37,0.8,2.5,0.308,0.0,0.4,0.0,0.0,0.0,0.0,0.0,0.7,0.0,2006
268,268,2739,Luke Jackson,1610612761,TOR,25.0,3.8,6.2,0.613,1.2,2.8,0.429,0.6,1.5,0.4,2.3,5.8,0.404,1.2,3.0,0.394,1.3,2.4,0.545,,,,,,,0.0,1.0,0.0,2006
269,269,2557,Luke Ridnour,1610612760,SEA,26.0,11.7,18.2,0.642,1.8,4.5,0.401,1.3,4.0,0.332,3.4,8.7,0.389,3.1,8.2,0.373,2.0,5.5,0.371,0.3,0.7,0.5,0.0,0.7,0.0,0.0,0.5,0.0,2006
270,270,101195,Luke Schenscher,1610612757,POR,25.0,3.7,6.3,0.594,0.8,1.6,0.5,0.7,2.6,0.261,0.7,2.1,0.348,1.4,3.6,0.375,0.0,0.8,0.0,0.0,1.0,0.0,,,,0.0,0.5,0.0,2006
271,271,2575,Luke Walton,1610612747,LAL,27.0,12.7,21.7,0.585,2.4,6.0,0.393,1.9,4.8,0.394,4.1,9.5,0.432,3.6,8.4,0.43,2.1,6.5,0.321,0.3,0.8,0.4,0.0,0.7,0.0,0.0,0.5,0.0,2006
272,272,2736,Luol Deng,1610612741,CHI,22.0,11.6,21.0,0.55,2.0,4.7,0.428,2.0,5.5,0.352,4.8,12.0,0.396,4.6,12.1,0.378,2.0,5.7,0.351,0.2,0.7,0.286,0.0,0.5,0.0,0.0,0.7,0.0,2006
273,273,101129,Luther Head,1610612745,HOU,24.0,7.8,14.1,0.551,2.0,4.6,0.434,1.9,4.9,0.385,3.6,9.1,0.398,2.8,7.8,0.356,1.9,5.1,0.379,0.1,0.7,0.2,0.0,0.8,0.0,0.0,0.8,0.0,2006
274,274,2696,Lynn Greer,1610612749,MIL,27.0,4.1,6.3,0.651,0.8,2.0,0.421,0.7,1.9,0.39,1.4,4.1,0.34,1.4,3.1,0.468,0.7,2.5,0.274,0.0,1.0,0.0,0.0,0.0,0.0,0.0,0.8,0.0,2006
275,275,1766,Maceo Baston,1610612754,IND,31.0,2.9,4.4,0.663,0.6,1.6,0.382,0.4,1.9,0.227,1.8,4.0,0.438,1.1,2.6,0.416,0.6,1.5,0.364,0.0,0.0,0.0,0.3,0.5,0.5,0.1,0.6,0.2,2006
276,276,2124,Malik Allen,1610612741,CHI,29.0,3.0,5.3,0.559,0.6,1.7,0.381,0.4,1.4,0.295,1.3,3.2,0.396,1.4,3.9,0.345,0.8,2.0,0.392,0.5,1.0,0.5,0.0,0.0,0.0,0.0,0.6,0.0,2006
277,277,990,Malik Rose,1610612752,NYK,32.0,3.8,6.2,0.613,0.8,2.1,0.356,0.5,1.8,0.296,1.9,4.8,0.394,2.1,4.9,0.431,0.7,1.9,0.392,1.0,1.0,1.0,0.0,0.3,0.0,0.0,0.3,0.0,2006
278,278,1938,Manu Ginobili,1610612759,SAS,29.0,8.5,15.8,0.535,2.1,5.0,0.422,2.1,4.9,0.429,3.5,8.6,0.4,2.6,6.9,0.371,0.9,3.0,0.3,0.0,0.3,0.0,0.0,0.6,0.0,0.0,0.6,0.0,2006
279,279,1531,Marc Jackson,1610612740,NOK,32.0,5.8,9.5,0.607,1.0,2.7,0.359,1.4,3.2,0.44,2.7,6.1,0.435,2.9,7.1,0.412,0.9,2.3,0.402,0.0,0.0,0.0,0.0,1.0,0.0,0.0,0.6,0.0,2006
280,280,2556,Marcus Banks,1610612756,PHX,25.0,4.2,6.2,0.675,1.1,2.5,0.438,0.7,2.0,0.338,1.9,4.1,0.457,1.2,3.2,0.371,0.6,2.0,0.309,0.0,0.0,0.0,0.0,1.0,0.0,0.0,0.5,0.0,2006
281,281,948,Marcus Camby,1610612743,DEN,33.0,13.0,21.7,0.598,2.3,5.4,0.424,1.5,4.4,0.334,5.1,12.3,0.412,4.7,12.2,0.386,1.9,5.6,0.346,0.2,0.8,0.25,0.0,1.0,0.0,0.1,0.6,0.118,2006
282,282,200790,Marcus Vinicius,1610612740,NOK,23.0,2.4,3.6,0.66,1.0,2.4,0.421,0.8,1.4,0.571,1.4,2.2,0.625,2.0,4.9,0.407,0.5,1.0,0.545,,,,,,,,,,2006
283,283,200766,Marcus Williams,1610612751,NJN,21.0,5.3,9.3,0.572,1.0,2.6,0.385,0.7,1.9,0.38,1.8,5.3,0.349,2.4,6.1,0.399,0.8,2.4,0.326,0.1,0.4,0.2,0.0,0.4,0.0,0.0,0.6,0.0,2006
284,284,200776,Mardy Collins,1610612752,NYK,22.0,4.3,7.3,0.598,1.2,2.9,0.412,0.7,2.8,0.25,3.3,8.0,0.41,2.6,6.6,0.389,1.2,2.9,0.421,0.0,0.5,0.0,0.0,0.0,0.0,0.0,0.4,0.0,2006
285,285,1548,Mark Blount,1610612750,MIN,31.0,11.4,18.9,0.606,1.8,4.3,0.425,1.8,4.6,0.397,4.5,11.3,0.395,4.0,9.8,0.404,1.4,4.7,0.305,0.3,0.7,0.5,0.3,0.7,0.5,0.1,0.4,0.143,2006
286,286,2058,Mark Madsen,1610612750,MIN,31.0,2.0,3.8,0.54,0.5,1.2,0.424,0.7,1.5,0.456,1.0,2.9,0.363,1.4,3.2,0.433,0.8,2.3,0.33,0.3,0.3,1.0,0.0,0.0,0.0,0.0,0.2,0.0,2006
287,287,2060,Marko Jaric,1610612750,MIN,28.0,8.0,12.8,0.628,1.4,3.2,0.459,1.2,2.9,0.413,2.6,6.8,0.378,2.8,7.5,0.366,1.0,3.5,0.279,0.4,0.6,0.667,0.0,0.0,0.0,0.1,0.5,0.111,2006
288,288,2605,Marquis Daniels,1610612754,IND,26.0,6.7,11.6,0.579,0.7,2.5,0.294,1.1,2.9,0.38,2.3,5.6,0.408,2.0,4.6,0.429,0.9,2.6,0.333,0.0,0.8,0.0,0.3,1.0,0.333,0.1,0.5,0.2,2006
289,289,101110,Martell Webster,1610612757,POR,20.0,7.8,12.8,0.607,1.2,3.1,0.388,0.9,2.6,0.352,2.3,5.8,0.404,3.1,7.9,0.39,0.7,2.4,0.307,0.1,0.4,0.333,0.0,0.2,0.0,0.0,0.3,0.0,2006
290,290,101107,Marvin Williams,1610612737,ATL,21.0,12.8,21.7,0.587,1.9,4.7,0.403,1.5,3.7,0.409,4.1,10.5,0.39,2.6,6.7,0.39,2.6,6.2,0.412,0.0,0.4,0.0,0.0,0.4,0.0,0.1,0.6,0.125,2006
291,291,2440,Matt Barnes,1610612744,GSW,27.0,9.4,16.1,0.582,1.5,3.9,0.392,1.2,3.0,0.39,2.9,6.9,0.422,2.9,7.7,0.371,2.0,5.6,0.366,0.0,0.2,0.0,0.0,0.3,0.0,0.0,0.6,0.0,2006
292,292,2588,Matt Bonner,1610612759,SAS,27.0,3.6,6.3,0.57,0.9,2.3,0.411,1.0,2.7,0.392,1.6,4.2,0.373,1.6,3.4,0.483,0.5,1.5,0.338,,,,0.0,0.8,0.0,0.0,0.5,0.0,2006
293,293,2679,Matt Carroll,1610612766,CHA,26.0,9.4,16.2,0.583,1.8,4.1,0.443,1.3,3.6,0.363,3.3,8.0,0.413,2.6,6.6,0.391,1.4,3.8,0.375,0.0,0.3,0.0,0.0,0.2,0.0,0.0,0.6,0.0,2006
294,294,2782,Matt Freije,1610612737,ATL,25.0,2.5,4.2,0.595,0.5,1.0,0.5,0.2,0.9,0.25,1.2,3.3,0.367,1.0,3.3,0.302,0.5,1.3,0.35,0.0,0.0,0.0,0.0,1.0,0.0,,,,2006
295,295,1723,Matt Harpring,1610612762,UTA,31.0,7.4,12.1,0.612,1.3,3.8,0.339,1.1,2.7,0.41,2.4,5.8,0.408,4.1,11.0,0.367,0.9,2.9,0.315,0.1,0.4,0.333,0.0,0.4,0.0,0.0,0.7,0.0,2006
296,296,200772,Maurice Ager,1610612742,DAL,23.0,1.9,3.4,0.564,0.5,1.4,0.391,0.4,1.8,0.238,1.3,3.1,0.427,0.7,2.2,0.308,0.6,1.3,0.417,0.3,0.3,1.0,0.0,1.0,0.0,0.0,1.0,0.0,2006
297,297,2230,Maurice Evans,1610612747,LAL,28.0,8.2,13.6,0.602,1.6,4.0,0.401,1.2,3.4,0.363,2.5,6.4,0.39,2.4,6.0,0.394,1.2,4.1,0.304,0.0,1.2,0.0,0.0,0.5,0.0,0.0,0.5,0.091,2006
298,298,1508,Maurice Taylor,1610612758,SAC,30.0,2.5,4.2,0.6,0.9,1.5,0.6,0.8,1.4,0.571,0.9,3.4,0.27,0.6,3.1,0.189,0.0,1.1,0.0,,,,,,,0.0,1.0,0.0,2006
299,299,2246,Mehmet Okur,1610612762,UTA,28.0,12.0,19.4,0.618,1.8,5.2,0.352,1.4,3.6,0.39,3.5,8.6,0.404,5.0,13.2,0.379,1.3,3.7,0.366,0.7,0.7,1.0,0.0,0.4,0.0,0.0,0.7,0.0,2006
300,300,2408,Melvin Ely,1610612759,SAS,29.0,3.4,5.9,0.579,0.7,1.9,0.4,0.4,1.3,0.313,1.3,3.3,0.402,1.3,3.3,0.38,0.7,1.6,0.415,,,,,,,0.0,1.0,0.0,2006
301,301,1897,Metta World Peace,1610612758,SAC,27.0,11.9,19.4,0.613,3.5,7.5,0.467,1.8,4.6,0.383,5.2,12.1,0.428,5.7,14.2,0.398,1.6,4.7,0.34,0.0,0.5,0.0,0.0,0.5,0.0,0.0,0.8,0.0,2006
302,302,1720,Michael Doleac,1610612748,MIA,30.0,3.8,6.0,0.629,1.1,2.4,0.468,0.9,2.0,0.436,1.5,3.9,0.381,1.7,4.7,0.37,0.6,2.0,0.327,0.0,0.3,0.0,0.2,1.0,0.2,0.0,0.7,0.0,2006
303,303,714,Michael Finley,1610612759,SAS,34.0,7.2,13.2,0.545,1.7,4.2,0.399,1.6,3.9,0.406,2.9,6.9,0.426,2.3,5.7,0.403,0.9,2.8,0.315,0.0,0.1,0.0,0.0,1.0,0.0,0.0,0.8,0.0,2006
304,304,1709,Michael Olowokandi,1610612738,BOS,32.0,3.1,5.4,0.577,0.6,1.7,0.355,0.7,1.6,0.429,1.2,3.1,0.375,0.9,2.9,0.297,0.2,0.8,0.278,0.0,1.0,0.0,0.0,0.0,0.0,0.0,0.5,0.0,2006
305,305,2072,Michael Redd,1610612749,MIL,27.0,14.3,22.8,0.63,2.2,5.0,0.44,2.5,6.0,0.406,4.9,11.7,0.415,4.3,10.2,0.423,2.7,7.9,0.343,0.2,0.4,0.5,0.0,0.7,0.0,0.0,0.7,0.0,2006
306,306,1913,Michael Ruffin,1610612764,WAS,30.0,3.2,4.9,0.642,0.5,1.0,0.464,0.7,1.5,0.425,0.9,2.9,0.31,1.1,3.1,0.371,0.6,1.7,0.375,1.0,1.0,1.0,,,,0.0,0.5,0.0,2006
307,307,2552,Michael Sweetney,1610612741,CHI,24.0,2.1,3.9,0.538,0.6,1.3,0.48,0.5,1.4,0.362,1.0,2.8,0.354,0.9,3.1,0.295,0.6,1.7,0.35,0.3,0.3,1.0,0.0,1.0,0.0,0.0,0.6,0.0,2006
308,308,101153,Mickael Gelabale,1610612760,SEA,24.0,6.4,10.4,0.612,1.4,3.3,0.429,1.0,2.5,0.399,2.0,5.6,0.361,2.1,5.9,0.353,1.5,3.7,0.404,0.3,1.0,0.333,0.0,0.7,0.0,0.0,0.6,0.0,2006
309,309,2554,Mickael Pietrus,1610612744,GSW,25.0,10.5,17.8,0.589,1.9,4.3,0.443,1.5,3.6,0.409,2.7,7.2,0.371,3.3,8.2,0.402,2.1,6.0,0.352,0.1,0.4,0.333,0.0,0.2,0.0,0.0,0.6,0.0,2006
310,310,1710,Mike Bibby,1610612758,SAC,29.0,11.8,18.6,0.635,3.3,7.1,0.467,1.6,4.1,0.385,4.4,10.7,0.415,5.0,13.0,0.383,1.5,4.2,0.345,0.0,0.4,0.0,0.0,0.5,0.0,0.0,0.7,0.0,2006
311,311,2399,Mike Dunleavy,1610612754,IND,26.0,11.0,18.9,0.583,2.1,5.2,0.416,1.8,4.5,0.389,4.1,10.0,0.412,3.5,9.4,0.375,2.0,5.5,0.358,0.1,0.5,0.25,0.0,0.0,0.0,0.0,0.5,0.0,2006
312,312,200837,Mike Hall,1610612764,WAS,23.0,4.5,5.0,0.9,0.0,0.5,0.0,0.0,0.0,0.0,1.5,2.0,0.75,0.0,0.5,0.0,0.0,1.0,0.0,,,,,,,,,,2006
313,313,2229,Mike James,1610612750,MIN,32.0,9.2,15.1,0.607,1.5,3.4,0.43,1.4,3.7,0.394,3.6,9.1,0.391,3.3,7.9,0.412,1.2,4.0,0.308,0.0,0.5,0.0,0.3,0.5,0.5,0.0,0.3,0.0,2006
314,314,2034,Mike Miller,1610612763,MEM,27.0,15.7,25.0,0.627,2.6,6.3,0.413,2.1,4.9,0.425,4.5,11.0,0.407,4.7,11.7,0.4,2.6,7.0,0.376,0.1,0.4,0.25,0.0,0.3,0.0,0.0,0.4,0.0,2006
315,315,2366,Mike Wilks,1610612760,SEA,28.0,3.6,6.1,0.589,0.9,2.1,0.444,0.7,1.6,0.464,1.5,3.8,0.396,1.6,4.4,0.366,0.9,2.6,0.355,0.0,0.5,0.0,0.0,0.0,0.0,0.0,0.3,0.0,2006
316,316,1630,Mikki Moore,1610612751,NJN,31.0,7.7,13.1,0.59,1.6,3.8,0.418,1.5,3.7,0.406,3.7,9.6,0.388,3.9,8.8,0.437,1.0,3.4,0.282,0.1,0.5,0.167,0.0,0.4,0.0,0.0,0.8,0.0,2006
317,317,101148,Mile Ilic,1610612751,NJN,23.0,0.4,0.6,0.667,0.0,0.5,0.0,1.0,1.0,1.0,2.0,2.0,1.0,1.0,1.5,0.667,0.0,1.0,0.0,,,,,,,,,,2006
318,318,2590,Mo Williams,1610612749,MIL,24.0,13.9,21.9,0.635,1.9,4.6,0.413,2.1,5.5,0.384,5.0,11.9,0.419,3.9,9.6,0.4,2.6,7.4,0.358,0.1,0.4,0.25,0.0,0.9,0.0,0.0,0.6,0.071,2006
319,319,101145,Monta Ellis,1610612744,GSW,21.0,13.4,23.0,0.584,2.3,5.2,0.436,1.3,3.6,0.364,3.7,9.5,0.391,4.1,10.3,0.402,2.8,7.9,0.35,0.1,0.3,0.333,0.0,0.3,0.0,0.0,0.5,0.0,2006
320,320,2050,Morris Peterson,1610612761,TOR,29.0,7.4,11.9,0.616,1.9,4.1,0.461,1.1,2.7,0.429,2.4,6.1,0.395,3.0,8.0,0.379,0.9,2.6,0.361,0.1,0.8,0.1,0.1,0.8,0.167,0.1,0.6,0.167,2006
321,321,200754,Mouhamed Sene,1610612760,SEA,21.0,1.9,3.1,0.621,0.7,1.7,0.4,0.4,1.2,0.304,1.3,3.1,0.41,1.2,2.5,0.48,0.5,1.1,0.44,0.0,0.0,0.0,0.0,0.5,0.0,,,,2006
322,322,101126,Nate Robinson,1610612752,NYK,23.0,6.7,10.8,0.617,1.2,3.3,0.349,0.9,2.8,0.323,2.6,6.5,0.399,3.0,7.4,0.4,1.2,3.5,0.336,0.0,0.0,0.0,0.0,0.5,0.0,0.0,0.6,0.0,2006
323,323,1737,Nazr Mohammed,1610612765,DET,29.0,5.8,9.5,0.61,1.0,2.7,0.38,1.0,3.0,0.34,2.1,5.5,0.381,1.6,3.9,0.398,0.6,1.9,0.326,,,,0.0,1.0,0.0,0.0,0.7,0.0,2006
324,324,2420,Nenad Krstic,1610612751,NJN,23.0,9.5,16.5,0.576,2.7,5.6,0.473,1.8,5.2,0.351,4.7,11.1,0.424,5.2,11.8,0.438,0.9,4.1,0.216,0.0,0.5,0.0,0.0,0.0,0.0,0.0,0.3,0.0,2006
325,325,2403,Nene,1610612743,DEN,24.0,9.7,16.8,0.579,1.8,4.6,0.392,1.4,3.5,0.402,3.9,9.7,0.402,3.4,8.8,0.386,1.6,4.6,0.339,0.3,1.0,0.333,0.0,1.0,0.0,0.1,0.6,0.111,2006
326,326,2555,Nick Collison,1610612760,SEA,26.0,10.6,17.3,0.612,1.8,4.5,0.411,1.5,4.0,0.382,3.5,8.6,0.409,3.4,8.6,0.391,1.7,5.3,0.331,0.3,0.5,0.5,0.0,0.5,0.0,0.0,0.5,0.0,2006
327,327,101158,Orien Greene,1610612754,IND,25.0,1.7,3.1,0.535,0.8,1.6,0.514,0.4,1.3,0.324,1.3,3.4,0.38,0.7,2.2,0.333,0.5,1.2,0.375,0.0,0.5,0.0,0.0,0.5,0.0,0.0,0.3,0.0,2006
328,328,970,Othella Harrington,1610612766,CHA,33.0,2.2,4.2,0.532,0.5,1.4,0.367,0.7,1.6,0.419,0.8,2.5,0.317,1.0,2.8,0.348,0.9,1.8,0.472,0.0,1.0,0.0,0.0,1.0,0.0,0.0,1.0,0.0,2006
329,329,136,P.J. Brown,1610612741,CHI,37.0,5.7,10.8,0.526,1.1,2.6,0.431,1.2,3.2,0.372,2.7,6.9,0.389,2.8,6.6,0.428,1.0,3.0,0.343,0.0,0.3,0.0,0.0,0.5,0.0,0.0,0.7,0.0,2006
330,330,200782,PJ Tucker,1610612761,TOR,22.0,1.8,2.6,0.667,0.3,0.8,0.375,0.3,0.7,0.5,1.2,2.2,0.536,1.1,2.7,0.4,0.5,0.9,0.5,,,,0.0,0.0,0.0,,,,2006
331,331,2776,Pape Sow,1610612761,TOR,25.0,2.9,3.6,0.8,0.2,0.4,0.5,1.0,7.0,0.143,1.5,2.0,0.75,1.8,2.8,0.636,0.6,1.6,0.375,,,,0.0,0.0,0.0,,,,2006
332,332,2469,Pat Burke,1610612756,PHX,33.0,2.6,3.7,0.714,0.6,1.8,0.344,0.8,1.9,0.419,1.4,3.5,0.391,0.6,2.0,0.302,0.6,1.7,0.344,,,,0.0,1.0,0.0,0.0,0.0,0.0,2006
333,333,1727,Pat Garrity,1610612753,ORL,30.0,2.5,4.1,0.615,0.6,1.4,0.385,0.4,1.6,0.231,0.9,2.5,0.354,1.1,2.8,0.39,0.4,1.0,0.385,0.0,0.0,0.0,,,,,,,2006
334,334,200753,Patrick O'Bryant,1610612744,GSW,21.0,2.4,3.9,0.619,1.0,2.2,0.458,0.3,1.6,0.214,0.8,2.4,0.323,1.5,2.9,0.523,0.5,1.5,0.3,,,,,,,,,,2006
335,335,2200,Pau Gasol,1610612763,MEM,26.0,15.1,24.7,0.608,2.7,6.6,0.413,2.0,4.7,0.423,4.2,10.1,0.418,4.5,11.2,0.402,3.0,6.9,0.433,0.1,0.4,0.333,0.0,0.0,0.0,0.0,0.5,0.0,2006
336,336,200781,Paul Davis,1610612746,LAC,22.0,1.8,3.1,0.588,0.7,1.6,0.444,0.4,1.7,0.233,0.9,2.2,0.423,0.8,2.0,0.413,0.5,1.4,0.345,1.0,1.0,1.0,,,,0.0,1.0,0.0,2006
337,337,200794,Paul Millsap,1610612762,UTA,22.0,5.3,8.8,0.605,1.1,2.8,0.385,0.8,2.0,0.389,1.5,4.1,0.377,2.9,7.5,0.383,0.6,2.0,0.315,0.2,0.3,0.5,0.0,0.7,0.0,0.0,0.7,0.0,2006
338,338,1718,Paul Pierce,1610612738,BOS,29.0,13.8,23.6,0.585,2.3,6.0,0.391,1.7,4.3,0.408,4.4,11.0,0.4,4.4,11.1,0.394,1.6,4.4,0.356,0.0,0.6,0.0,0.0,0.5,0.0,0.0,0.6,0.0,2006
339,339,978,Peja Stojakovic,1610612740,NOK,30.0,11.0,16.9,0.65,1.9,4.0,0.481,1.8,5.5,0.324,4.2,9.8,0.433,3.9,11.3,0.347,1.2,4.8,0.238,,,,,,,0.0,0.8,0.0,2006
340,340,200822,Pops Mensah-Bonsu,1610612742,DAL,23.0,1.8,2.7,0.688,0.5,1.8,0.286,0.2,1.0,0.167,1.1,2.6,0.423,0.3,1.8,0.167,0.8,2.3,0.333,0.5,0.5,1.0,,,,0.0,1.0,0.0,2006
341,341,2056,Primoz Brezec,1610612766,CHA,27.0,4.9,8.1,0.608,1.2,2.6,0.455,0.8,1.9,0.406,2.1,4.8,0.425,1.4,3.8,0.371,0.8,2.0,0.394,0.0,0.0,0.0,0.0,0.0,0.0,0.0,0.4,0.0,2006
342,342,2047,Quentin Richardson,1610612752,NYK,27.0,11.2,17.7,0.632,2.5,6.4,0.397,1.7,4.5,0.379,4.1,10.7,0.386,4.8,11.4,0.419,1.7,5.1,0.327,0.5,0.5,1.0,0.0,0.5,0.0,0.0,0.5,0.0,2006
343,343,200763,Quincy Douby,1610612758,SAC,23.0,3.1,5.3,0.59,0.7,1.6,0.446,0.6,1.6,0.348,1.0,2.9,0.349,1.2,3.4,0.351,0.9,2.3,0.397,,,,,,,0.0,0.6,0.0,2006
344,344,2624,Quinton Ross,1610612746,LAC,26.0,7.1,12.7,0.561,1.5,3.5,0.428,1.3,2.8,0.446,2.7,6.5,0.408,2.1,5.7,0.366,1.5,4.2,0.349,0.0,0.5,0.0,,,,0.0,0.6,0.0,2006
345,345,1711,Raef LaFrentz,1610612757,POR,31.0,4.4,7.3,0.601,0.9,2.3,0.373,0.9,1.9,0.477,1.2,3.0,0.402,2.6,5.2,0.504,0.9,2.2,0.4,,,,,,,0.0,0.3,0.0,2006
346,346,2737,Rafael Araujo,1610612762,UTA,26.0,2.3,3.4,0.674,0.6,1.7,0.341,0.6,1.3,0.483,0.7,2.3,0.308,1.6,4.7,0.333,0.3,0.8,0.4,,,,0.0,0.0,0.0,0.0,0.0,0.0,2006
347,347,1747,Rafer Alston,1610612745,HOU,30.0,9.3,17.4,0.533,2.7,6.2,0.432,2.6,6.5,0.401,5.6,13.9,0.403,3.8,10.6,0.355,2.2,6.3,0.352,0.1,0.7,0.2,0.0,0.5,0.0,0.0,0.8,0.0,2006
348,348,1952,Raja Bell,1610612756,PHX,30.0,12.5,20.8,0.603,3.2,7.7,0.413,2.5,6.7,0.37,5.4,14.4,0.379,4.1,10.3,0.401,2.7,7.2,0.374,0.0,1.0,0.0,0.1,0.6,0.143,0.0,0.6,0.0,2006
349,349,200765,Rajon Rondo,1610612738,BOS,21.0,8.5,14.4,0.588,1.4,3.5,0.413,1.3,3.3,0.402,2.7,6.5,0.407,2.4,6.6,0.372,1.0,3.1,0.312,0.0,0.6,0.0,0.0,0.7,0.0,0.0,0.6,0.0,2006
350,350,201043,Randolph Morris,1610612752,NYK,21.0,1.4,3.4,0.412,0.5,0.8,0.667,0.8,1.8,0.429,1.8,3.5,0.5,2.0,4.6,0.435,0.0,1.5,0.0,,,,,,,0.0,0.0,0.0,2006
351,351,200751,Randy Foye,1610612750,MIN,23.0,7.7,12.3,0.622,1.5,3.3,0.463,1.3,3.2,0.402,2.7,7.1,0.382,3.0,7.6,0.386,1.1,3.9,0.295,0.3,0.7,0.5,0.3,0.3,1.0,0.0,0.4,0.083,2006
352,352,988,Randy Livingston,1610612760,SEA,32.0,2.8,3.5,0.786,0.5,0.8,0.667,0.3,0.7,0.5,1.7,3.0,0.556,1.8,3.0,0.583,0.7,1.7,0.4,,,,,,,,,,2006
353,353,101119,Rashad McCants,1610612750,MIN,22.0,4.1,7.1,0.584,0.9,2.1,0.443,0.8,1.9,0.413,1.9,4.6,0.407,1.9,5.0,0.387,1.0,3.1,0.31,0.0,1.0,0.0,1.0,1.0,1.0,0.0,0.1,0.0,2006
354,354,1740,Rashard Lewis,1610612760,SEA,27.0,14.8,23.4,0.635,2.2,5.3,0.423,2.0,5.4,0.37,4.7,11.7,0.404,4.7,12.0,0.39,2.6,7.1,0.358,0.3,1.2,0.286,0.0,1.0,0.0,0.0,0.6,0.0,2006
355,355,739,Rasheed Wallace,1610612765,DET,32.0,10.7,18.4,0.579,1.5,4.5,0.34,1.7,4.4,0.387,4.6,11.8,0.393,2.9,7.3,0.396,1.6,4.4,0.362,0.3,0.8,0.333,0.0,0.5,0.0,0.1,0.6,0.1,2006
356,356,1725,Rasho Nesterovic,1610612761,TOR,31.0,6.2,10.6,0.586,1.9,4.2,0.447,1.1,2.7,0.422,3.2,7.9,0.406,2.5,7.2,0.347,1.0,2.6,0.383,0.0,1.0,0.0,0.0,1.0,0.0,0.0,0.5,0.0,2006
357,357,2446,Rasual Butler,1610612740,NOK,28.0,8.6,15.4,0.562,1.7,4.2,0.401,1.5,4.0,0.375,3.3,8.2,0.406,3.9,10.3,0.379,1.2,3.4,0.341,0.1,0.4,0.333,0.0,0.6,0.0,0.0,0.7,0.0,2006
358,358,101185,Rawle Marshall,1610612754,IND,25.0,3.1,5.7,0.546,1.1,2.0,0.559,0.6,2.0,0.305,1.2,3.6,0.336,0.8,2.0,0.423,0.5,1.7,0.279,,,,0.0,0.0,0.0,0.1,0.2,0.5,2006
359,359,951,Ray Allen,1610612760,SEA,31.0,16.3,26.0,0.628,2.4,5.8,0.42,1.8,4.9,0.362,4.7,11.5,0.404,4.5,11.4,0.391,2.6,7.0,0.364,0.0,0.5,0.0,0.0,0.7,0.0,0.0,0.3,0.0,2006
360,360,101109,Raymond Felton,1610612766,CHA,23.0,13.4,22.9,0.583,2.5,5.9,0.433,1.7,4.6,0.365,4.5,11.2,0.4,3.5,9.1,0.381,1.8,4.8,0.365,0.0,0.2,0.0,0.0,0.5,0.0,0.0,0.6,0.0,2006
361,361,2501,Reggie Evans,1610612743,DEN,27.0,6.3,10.3,0.614,1.5,3.7,0.416,0.9,3.0,0.291,2.1,5.7,0.367,2.1,5.9,0.357,1.0,2.4,0.396,0.0,0.3,0.0,,,,0.1,0.5,0.1,2006
362,362,200764,Renaldo Balkman,1610612752,NYK,22.0,4.5,8.3,0.544,0.9,2.4,0.358,0.7,2.3,0.308,1.9,5.2,0.36,1.9,5.1,0.371,1.0,2.6,0.377,0.3,0.3,1.0,0.0,0.4,0.0,0.0,0.4,0.0,2006
363,363,200970,Renaldo Major,1610612744,GSW,25.0,6.0,10.0,0.6,2.0,5.0,0.4,2.0,5.0,0.4,2.0,7.0,0.286,5.0,12.0,0.417,2.0,6.0,0.333,,,,,,,,,,2006
364,364,1888,Richard Hamilton,1610612765,DET,29.0,12.2,20.7,0.591,1.9,5.5,0.337,1.9,5.3,0.358,5.2,12.9,0.403,3.3,8.8,0.377,1.5,4.7,0.327,0.0,0.3,0.0,0.0,0.7,0.0,0.0,0.5,0.083,2006
365,365,2210,Richard Jefferson,1610612751,NJN,27.0,10.4,18.0,0.576,2.5,5.3,0.471,2.0,4.8,0.414,5.1,13.0,0.392,5.1,11.9,0.429,1.4,4.5,0.302,0.0,0.4,0.0,0.0,0.7,0.0,0.0,0.8,0.0,2006
366,366,1729,Ricky Davis,1610612750,MIN,27.0,13.2,21.8,0.604,2.2,5.2,0.426,2.0,5.3,0.371,5.0,12.9,0.384,4.7,12.3,0.384,1.9,5.6,0.329,0.2,0.7,0.25,0.0,0.3,0.0,0.0,0.4,0.0,2006
367,367,200823,Robert Hite,1610612748,MIA,23.0,2.8,4.3,0.654,0.6,1.8,0.313,0.5,2.0,0.25,2.3,5.1,0.446,1.5,4.0,0.364,0.9,3.0,0.306,,,,,,,0.0,0.0,0.0,2006
368,368,109,Robert Horry,1610612759,SAS,36.0,5.1,9.6,0.536,1.2,3.1,0.379,1.1,2.8,0.417,2.1,5.4,0.389,1.5,4.1,0.373,0.5,2.0,0.276,0.0,0.4,0.0,0.0,0.6,0.0,0.1,0.8,0.071,2006
369,369,200760,Rodney Carney,1610612755,PHI,23.0,7.1,11.6,0.613,1.0,2.5,0.401,0.7,2.2,0.323,2.3,5.4,0.415,2.0,5.2,0.387,1.1,3.5,0.305,0.0,0.8,0.0,0.0,0.7,0.0,0.1,0.5,0.143,2006
370,370,2427,Roger Mason Jr.,1610612764,WAS,26.0,2.5,4.2,0.593,0.5,1.4,0.391,0.8,1.8,0.412,1.1,2.6,0.406,1.2,2.7,0.441,0.6,1.8,0.337,0.0,0.5,0.0,0.0,0.5,0.0,0.0,0.0,0.0,2006
371,371,101232,Roger Powell,1610612762,UTA,24.0,1.7,1.7,1.0,0.0,0.0,0.0,,,,1.3,2.0,0.667,1.0,1.3,0.75,0.0,1.0,0.0,,,,,,,,,,2006
372,372,2648,Ronald Dupree,1610612765,DET,26.0,1.8,3.1,0.586,0.6,1.1,0.5,0.3,1.0,0.333,0.8,2.3,0.333,1.1,2.5,0.457,0.4,1.1,0.385,0.0,0.0,0.0,,,,0.0,1.0,0.0,2006
373,373,2436,Ronald Murray,1610612765,DET,27.0,6.7,11.9,0.564,1.0,3.4,0.312,1.2,3.0,0.406,3.2,8.3,0.392,2.1,5.3,0.401,1.3,3.6,0.35,0.0,0.5,0.0,0.0,0.7,0.0,0.0,0.4,0.0,2006
374,374,200758,Ronnie Brewer,1610612762,UTA,22.0,4.5,7.1,0.635,1.1,2.3,0.459,0.6,1.5,0.414,1.0,2.9,0.337,1.8,4.9,0.379,0.6,1.9,0.338,0.5,0.5,1.0,0.0,0.0,0.0,0.0,0.6,0.0,2006
375,375,101179,Ronnie Price,1610612758,SAC,24.0,3.3,5.2,0.637,0.7,1.9,0.373,0.7,1.6,0.4,1.4,3.4,0.414,1.6,4.0,0.394,0.6,1.7,0.359,0.0,1.0,0.0,0.0,0.0,0.0,0.0,0.6,0.0,2006
376,376,101142,Ronny Turiaf,1610612747,LAL,24.0,5.1,8.9,0.57,1.0,2.5,0.425,0.9,2.3,0.382,1.8,4.1,0.438,1.4,3.9,0.358,1.1,3.3,0.326,0.0,1.0,0.0,0.0,1.0,0.0,0.0,0.6,0.0,2006
377,377,2767,Royal Ivey,1610612737,ATL,25.0,3.8,6.5,0.58,1.1,2.1,0.52,0.7,1.9,0.385,1.2,2.9,0.399,1.2,2.6,0.47,1.0,2.7,0.383,0.0,0.8,0.0,0.0,1.0,0.0,0.1,0.5,0.25,2006
378,378,1739,Ruben Patterson,1610612749,MIL,31.0,12.1,19.4,0.623,1.6,3.7,0.416,1.8,4.9,0.372,3.9,9.6,0.405,3.3,8.3,0.398,2.2,6.2,0.362,0.2,0.7,0.333,0.0,0.7,0.0,0.0,0.8,0.056,2006
379,379,200752,Rudy Gay,1610612763,MEM,20.0,10.3,17.2,0.598,1.9,4.3,0.44,1.6,3.6,0.452,3.2,7.5,0.422,3.2,8.3,0.392,1.9,5.2,0.368,0.3,0.7,0.5,0.0,0.5,0.0,0.0,0.4,0.0,2006
380,380,101155,Ryan Gomes,1610612738,BOS,24.0,11.8,19.4,0.608,1.7,4.4,0.379,1.7,4.0,0.418,4.1,9.7,0.42,3.8,9.2,0.416,1.4,3.8,0.361,0.0,0.5,0.0,0.0,1.0,0.0,0.0,0.7,0.0,2006
381,381,200797,Ryan Hollins,1610612766,CHA,22.0,2.5,4.1,0.609,0.6,1.1,0.538,0.7,1.3,0.526,1.2,2.8,0.407,1.6,3.0,0.514,0.3,1.1,0.294,,,,0.0,0.5,0.0,0.0,1.0,0.0,2006
382,382,101136,Salim Stoudamire,1610612737,ATL,24.0,6.6,11.0,0.598,1.1,2.6,0.421,0.9,2.1,0.423,2.4,5.9,0.396,1.3,3.9,0.332,1.2,3.7,0.319,0.0,0.3,0.0,0.0,0.5,0.0,0.0,0.2,0.0,2006
383,383,208,Sam Cassell,1610612746,LAC,37.0,7.6,13.5,0.559,1.8,3.9,0.469,1.7,3.5,0.468,2.8,7.4,0.379,2.4,6.6,0.373,1.5,4.9,0.304,0.0,0.3,0.0,0.0,0.3,0.0,0.0,0.6,0.0,2006
384,384,2223,Samuel Dalembert,1610612755,PHI,27.0,10.7,18.4,0.583,1.8,4.5,0.399,1.7,4.4,0.391,4.3,10.2,0.423,3.0,7.7,0.382,1.8,5.5,0.329,0.0,0.2,0.0,0.0,0.0,0.0,0.1,0.6,0.143,2006
385,385,101180,Sarunas Jasikevicius,1610612744,GSW,31.0,5.9,9.8,0.603,0.8,2.6,0.306,0.8,2.5,0.319,2.1,5.1,0.405,1.4,4.2,0.343,1.1,2.6,0.417,0.0,0.7,0.0,0.0,0.0,0.0,0.1,0.5,0.2,2006
386,386,2562,Sasha Pavlovic,1610612739,CLE,23.0,7.5,12.7,0.592,1.4,3.4,0.4,1.6,4.2,0.386,2.8,7.8,0.36,2.3,6.9,0.331,0.9,2.8,0.312,0.2,0.4,0.5,0.0,0.5,0.0,0.0,0.3,0.0,2006
387,387,2756,Sasha Vujacic,1610612747,LAL,23.0,4.5,7.6,0.588,0.9,2.4,0.383,0.9,2.2,0.433,1.5,3.7,0.41,1.2,3.0,0.393,0.8,2.1,0.386,0.5,1.0,0.5,0.0,1.0,0.0,0.1,0.7,0.1,2006
388,388,1513,Scot Pollard,1610612739,CLE,32.0,1.3,2.2,0.585,0.6,0.9,0.667,0.2,0.7,0.3,0.9,2.3,0.396,0.5,1.6,0.324,0.2,0.7,0.25,,,,,,,0.0,0.0,0.0,2006
389,389,1909,Scott Padgett,1610612763,MEM,31.0,2.0,3.4,0.585,0.8,1.5,0.514,0.9,2.4,0.372,0.9,2.8,0.333,0.7,2.5,0.268,0.7,1.7,0.415,0.0,1.0,0.0,,,,0.0,0.5,0.0,2006
390,390,1752,Sean Marks,1610612756,PHX,31.0,2.3,3.0,0.778,0.0,2.0,0.0,0.5,0.5,1.0,1.0,2.0,0.5,0.7,2.0,0.333,0.5,1.5,0.333,,,,,,,,,,2006
391,391,101118,Sean May,1610612766,CHA,23.0,8.6,15.1,0.569,1.5,3.6,0.426,1.0,3.1,0.327,3.2,8.2,0.394,2.0,6.2,0.323,1.6,3.6,0.437,0.0,0.5,0.0,0.0,0.2,0.0,0.0,0.7,0.0,2006
392,392,2742,Sebastian Telfair,1610612738,BOS,22.0,7.4,12.5,0.595,1.0,3.0,0.336,1.0,2.7,0.372,2.4,6.1,0.386,2.3,5.4,0.425,0.9,2.7,0.321,0.0,0.3,0.0,0.0,0.4,0.0,0.1,0.6,0.083,2006
393,393,200771,Sergio Rodriguez,1610612757,POR,21.0,4.7,7.8,0.606,0.9,2.1,0.433,0.7,1.8,0.416,1.3,3.1,0.404,2.0,5.0,0.39,0.5,1.6,0.323,0.2,0.8,0.2,0.0,0.0,0.0,0.0,0.5,0.0,2006
394,394,1742,Shammond Williams,1610612747,LAL,32.0,3.6,6.0,0.598,0.6,2.0,0.319,0.6,1.8,0.349,1.6,3.9,0.396,1.1,3.3,0.337,1.3,3.2,0.407,,,,0.0,1.0,0.0,0.0,0.7,0.0,2006
395,395,2203,Shane Battier,1610612745,HOU,28.0,9.1,17.3,0.524,2.5,6.0,0.427,2.6,6.3,0.403,5.3,13.4,0.397,3.8,10.2,0.371,2.3,6.3,0.364,0.3,0.5,0.5,0.0,0.4,0.0,0.0,0.8,0.0,2006
396,396,200769,Shannon Brown,1610612739,CLE,21.0,3.9,6.0,0.645,0.9,1.9,0.448,0.5,1.3,0.391,0.9,2.7,0.316,1.0,2.7,0.377,0.8,1.8,0.429,,,,,,,0.0,0.5,0.0,2006
397,397,406,Shaquille O'Neal,1610612748,MIA,35.0,7.3,12.1,0.604,2.0,4.9,0.398,1.8,4.5,0.398,4.5,11.1,0.407,3.3,8.7,0.381,1.2,3.6,0.338,1.0,1.0,1.0,,,,0.0,0.0,0.0,2006
398,398,949,Shareef Abdur-Rahim,1610612758,SAC,30.0,8.7,13.5,0.645,2.4,4.9,0.494,1.4,3.2,0.428,3.2,7.9,0.397,3.7,9.4,0.394,1.1,3.3,0.343,0.0,0.6,0.0,,,,0.0,0.7,0.0,2006
399,399,2733,Shaun Livingston,1610612746,LAC,21.0,10.5,18.1,0.58,2.3,5.4,0.419,1.8,3.9,0.446,3.6,8.9,0.402,3.0,8.1,0.369,1.9,5.4,0.35,0.3,0.8,0.333,0.0,1.0,0.0,0.0,0.4,0.0,2006
400,400,101183,Shavlik Randolph,1610612755,PHI,23.0,4.6,8.8,0.526,1.1,2.7,0.406,0.7,2.7,0.25,1.0,3.2,0.31,0.8,2.2,0.357,0.7,2.5,0.267,,,,,,,0.0,0.7,0.0,2006
401,401,1890,Shawn Marion,1610612756,PHX,29.0,13.0,21.2,0.615,3.1,7.7,0.4,2.7,6.7,0.398,5.5,14.6,0.38,4.1,10.1,0.402,2.6,7.1,0.37,0.0,0.8,0.0,0.1,0.8,0.1,0.0,0.6,0.0,2006
402,402,200761,Shawne Williams,1610612754,IND,21.0,4.1,6.9,0.593,1.2,2.3,0.513,0.8,2.2,0.338,2.1,4.7,0.439,1.5,3.8,0.399,0.7,2.1,0.319,0.0,0.5,0.0,0.0,0.0,0.0,0.0,0.1,0.0,2006
403,403,200749,Shelden Williams,1610612737,ATL,23.0,7.0,12.2,0.572,1.3,3.1,0.404,1.1,2.6,0.419,2.3,5.9,0.391,1.3,3.6,0.363,1.4,3.6,0.394,0.0,0.2,0.0,0.0,0.5,0.0,0.0,0.1,0.0,2006
404,404,2098,Slava Medvedenko,1610612737,ATL,28.0,2.1,3.7,0.577,0.1,0.7,0.2,0.4,1.1,0.4,0.6,1.3,0.438,0.3,0.8,0.444,0.8,2.0,0.4,,,,,,,0.0,1.0,0.0,2006
405,405,2470,Smush Parker,1610612747,LAL,26.0,11.5,19.3,0.594,2.4,5.4,0.437,1.8,4.5,0.394,3.7,8.8,0.423,3.2,7.4,0.433,2.0,6.1,0.329,0.3,0.9,0.333,0.0,0.5,0.0,0.0,0.5,0.0,2006
406,406,200780,Solomon Jones,1610612737,ATL,22.0,4.6,7.7,0.595,1.0,2.3,0.444,0.6,1.3,0.446,1.7,3.9,0.444,1.1,2.7,0.407,1.0,2.9,0.358,0.0,0.3,0.0,0.0,0.7,0.0,0.0,0.2,0.0,2006
407,407,2049,Speedy Claxton,1610612737,ATL,29.0,8.4,15.5,0.541,1.2,3.3,0.353,1.1,3.1,0.372,3.3,8.0,0.417,1.6,4.7,0.348,2.1,4.6,0.449,0.0,0.0,0.0,0.0,0.0,0.0,0.0,0.7,0.0,2006
408,408,101211,Stephen Graham,1610612757,POR,25.0,4.9,7.0,0.694,1.0,1.7,0.579,1.1,2.0,0.55,1.1,3.1,0.351,2.0,5.2,0.388,0.6,2.6,0.217,,,,,,,0.0,0.7,0.0,2006
409,409,1536,Stephen Jackson,1610612744,GSW,29.0,11.8,20.4,0.576,2.1,5.3,0.388,1.8,4.8,0.381,4.0,10.5,0.384,3.2,8.4,0.378,2.1,5.5,0.386,0.2,0.5,0.333,0.0,0.4,0.0,0.0,0.7,0.0,2006
410,410,950,Stephon Marbury,1610612752,NYK,30.0,12.3,20.1,0.613,2.6,6.6,0.391,1.8,4.8,0.37,4.7,11.9,0.397,5.4,12.6,0.428,1.8,4.9,0.366,0.3,0.5,0.667,0.0,0.6,0.0,0.0,0.4,0.0,2006
411,411,2581,Steve Blake,1610612743,DEN,27.0,9.9,16.3,0.609,1.9,4.5,0.42,1.6,3.9,0.41,3.7,9.1,0.409,3.5,8.9,0.399,1.6,4.7,0.348,0.3,0.8,0.4,0.0,0.8,0.0,0.0,0.8,0.048,2006
412,412,1883,Steve Francis,1610612752,NYK,30.0,8.0,13.8,0.579,1.7,4.8,0.351,1.4,3.8,0.361,3.8,9.3,0.404,4.6,9.9,0.467,1.4,4.0,0.36,0.0,0.0,0.0,0.0,0.0,0.0,0.0,0.6,0.0,2006
413,413,959,Steve Nash,1610612756,PHX,33.0,12.4,20.4,0.608,3.0,7.3,0.414,2.6,6.7,0.393,5.1,13.5,0.375,4.0,9.7,0.412,2.4,6.8,0.357,0.0,1.0,0.0,0.0,0.7,0.0,0.0,0.6,0.0,2006
414,414,200779,Steve Novak,1610612745,HOU,24.0,1.2,2.2,0.566,0.6,1.5,0.395,0.9,1.8,0.5,1.0,2.4,0.4,0.9,2.3,0.381,0.3,1.1,0.258,,,,,,,0.0,1.0,0.0,2006
415,415,2212,Steven Hunter,1610612755,PHI,25.0,8.3,14.0,0.594,1.5,3.7,0.394,1.2,3.3,0.38,3.4,8.0,0.422,2.4,6.4,0.385,1.4,4.3,0.328,0.0,0.3,0.0,0.3,0.9,0.333,0.0,0.7,0.0,2006
416,416,200848,Steven Smith,1610612755,PHI,24.0,1.0,1.9,0.533,0.0,2.0,0.0,0.8,1.0,0.75,0.4,0.6,0.667,1.7,2.0,0.833,0.3,1.7,0.2,,,,,,,,,,2006
417,417,2031,Stromile Swift,1610612763,MEM,27.0,6.4,10.5,0.611,1.3,3.0,0.422,0.9,2.1,0.444,2.2,5.3,0.42,2.5,6.4,0.394,1.9,4.9,0.395,0.0,0.8,0.0,0.0,0.7,0.0,0.0,0.4,0.0,2006
418,418,2551,T.J. Ford,1610612761,TOR,24.0,9.5,16.6,0.571,2.7,5.6,0.484,1.7,3.9,0.434,4.2,10.6,0.396,4.0,10.8,0.37,1.3,3.5,0.381,0.1,0.8,0.125,0.3,1.0,0.333,0.1,0.8,0.167,2006
419,419,200814,Tarence Kinsey,1610612763,MEM,23.0,8.0,13.3,0.6,1.3,3.2,0.423,1.3,3.1,0.426,2.4,5.5,0.44,2.9,7.1,0.401,2.1,5.0,0.416,0.2,0.8,0.25,0.0,0.0,0.0,0.0,0.3,0.0,2006
420,420,2419,Tayshaun Prince,1610612765,DET,27.0,12.6,21.7,0.58,1.8,5.4,0.339,1.7,4.8,0.354,5.1,12.9,0.4,3.3,8.5,0.384,1.7,5.0,0.336,0.1,0.3,0.333,0.0,0.7,0.0,0.0,0.5,0.067,2006
421,421,200757,Thabo Sefolosha,1610612741,CHI,23.0,3.3,6.0,0.55,0.7,1.8,0.374,0.6,1.7,0.318,1.5,4.2,0.365,1.6,4.3,0.371,0.7,2.0,0.336,0.4,1.0,0.4,0.0,0.5,0.0,0.0,0.5,0.0,2006
422,422,689,Theo Ratliff,1610612738,BOS,34.0,9.0,16.5,0.545,2.5,5.5,0.455,0.0,1.0,0.0,4.0,8.5,0.471,3.0,5.0,0.6,4.0,6.0,0.667,,,,,,,,,,2006
423,423,1495,Tim Duncan,1610612759,SAS,31.0,10.3,20.2,0.513,2.6,6.6,0.402,2.4,6.0,0.395,4.6,10.9,0.423,3.1,8.3,0.374,1.0,3.4,0.302,0.0,0.0,0.0,0.0,0.5,0.0,0.0,0.8,0.0,2006
424,424,1501,Tim Thomas,1610612746,LAC,30.0,8.6,15.4,0.555,1.9,4.5,0.411,1.5,3.3,0.441,3.3,8.4,0.388,2.7,7.6,0.361,1.5,5.3,0.286,0.1,0.4,0.333,0.0,0.0,0.0,0.0,0.6,0.0,2006
425,425,2754,Tony Allen,1610612738,BOS,25.0,9.8,16.2,0.606,1.5,3.5,0.413,1.4,3.4,0.409,3.3,8.1,0.407,2.6,7.0,0.368,0.9,3.3,0.281,0.0,0.0,0.0,0.0,1.0,0.0,0.1,0.6,0.2,2006
426,426,1499,Tony Battie,1610612753,ORL,31.0,6.3,11.5,0.546,1.8,4.2,0.417,1.3,3.4,0.391,3.5,8.6,0.411,2.6,7.0,0.372,1.3,3.4,0.379,0.3,1.0,0.333,0.0,1.0,0.0,0.0,0.6,0.0,2006
427,427,2225,Tony Parker,1610612759,SAS,25.0,10.4,19.5,0.535,2.7,6.3,0.432,2.4,5.9,0.407,4.4,10.5,0.417,2.9,8.0,0.37,1.0,3.1,0.313,0.0,0.3,0.0,0.0,0.6,0.0,0.0,0.8,0.0,2006
428,428,1503,Tracy McGrady,1610612745,HOU,28.0,8.8,16.6,0.531,2.6,6.0,0.426,2.6,6.4,0.408,5.3,13.3,0.401,3.8,10.4,0.364,2.2,6.1,0.366,0.1,0.7,0.2,0.0,0.5,0.0,0.0,0.8,0.0,2006
429,429,101143,Travis Diener,1610612753,ORL,25.0,3.3,5.8,0.559,0.9,2.4,0.362,0.4,1.6,0.24,1.0,3.6,0.276,1.9,4.2,0.45,0.7,2.0,0.364,0.0,0.5,0.0,,,,0.0,1.0,0.0,2006
430,430,2566,Travis Outlaw,1610612757,POR,22.0,8.5,14.1,0.601,1.3,3.3,0.39,1.3,2.9,0.436,2.2,5.2,0.415,3.3,9.1,0.361,0.7,2.9,0.245,0.0,0.5,0.0,0.0,0.2,0.0,0.0,0.4,0.0,2006
431,431,2239,Trenton Hassell,1610612750,MIN,28.0,10.4,17.5,0.595,1.9,4.2,0.448,1.8,4.6,0.384,4.1,10.6,0.382,3.7,9.2,0.403,1.4,4.6,0.311,0.3,0.5,0.5,0.0,0.5,0.0,0.1,0.6,0.1,2006
432,432,2772,Trevor Ariza,1610612753,ORL,21.0,6.6,11.6,0.574,1.4,3.2,0.425,0.9,2.7,0.331,2.2,7.0,0.315,2.5,6.5,0.38,1.1,3.5,0.308,0.0,0.5,0.0,0.0,0.8,0.0,0.0,0.7,0.0,2006
433,433,1607,Troy Hudson,1610612750,MIN,31.0,5.5,9.4,0.579,1.2,2.7,0.424,0.8,2.2,0.348,2.0,5.1,0.399,2.2,5.5,0.393,1.0,2.7,0.378,0.0,0.0,0.0,,,,0.0,0.7,0.0,2006
434,434,2211,Troy Murphy,1610612754,IND,27.0,9.8,16.7,0.586,1.8,4.3,0.416,1.4,3.5,0.414,3.8,9.2,0.412,3.1,7.9,0.397,1.6,4.2,0.375,0.0,0.5,0.0,0.0,0.3,0.0,0.0,0.3,0.0,2006
435,435,1731,Tyronn Lue,1610612737,ATL,30.0,10.2,17.3,0.593,1.6,3.9,0.415,1.1,2.6,0.424,3.3,7.9,0.415,1.9,5.1,0.381,1.8,5.0,0.357,0.0,0.2,0.0,0.0,0.8,0.0,0.1,0.5,0.2,2006
436,436,200748,Tyrus Thomas,1610612741,CHI,20.0,3.8,7.3,0.523,0.7,2.1,0.326,0.7,2.0,0.357,1.5,4.4,0.334,1.3,3.9,0.318,1.1,2.5,0.429,0.0,0.4,0.0,0.0,1.0,0.0,0.0,0.4,0.0,2006
437,437,2199,Tyson Chandler,1610612740,NOK,24.0,11.4,19.3,0.594,2.1,5.1,0.42,2.0,4.8,0.406,4.5,10.9,0.407,5.1,13.1,0.388,1.4,4.1,0.355,0.0,0.4,0.0,0.0,0.8,0.0,0.0,0.6,0.0,2006
438,438,2617,Udonis Haslem,1610612748,MIA,27.0,9.6,16.4,0.585,1.9,5.1,0.384,1.8,4.7,0.397,4.6,11.3,0.405,3.7,10.1,0.37,1.7,4.8,0.352,0.1,0.7,0.167,0.2,0.7,0.25,0.0,0.4,0.0,2006
439,439,101166,Uros Slokar,1610612761,TOR,24.0,1.4,2.2,0.651,0.4,0.5,0.75,0.8,2.4,0.333,0.6,1.1,0.538,1.1,1.9,0.56,0.5,1.3,0.4,,,,,,,0.0,1.0,0.0,2006
440,440,2779,Vassilis Spanoulis,1610612745,HOU,24.0,2.5,4.4,0.57,0.7,1.9,0.392,0.6,1.9,0.333,1.2,3.6,0.333,0.9,2.5,0.366,0.6,1.8,0.326,,,,0.0,1.0,0.0,0.0,1.0,0.0,2006
441,441,2751,Viktor Khryapa,1610612741,CHI,24.0,2.2,3.6,0.597,0.4,1.1,0.375,0.3,1.0,0.35,0.9,2.1,0.441,1.1,3.0,0.367,0.7,1.7,0.426,,,,,,,0.0,0.5,0.0,2006
442,442,1713,Vince Carter,1610612751,NJN,30.0,11.3,19.6,0.578,2.3,5.5,0.421,2.1,5.1,0.409,5.2,13.3,0.392,5.5,13.0,0.423,1.6,5.3,0.299,0.0,0.3,0.0,0.0,0.5,0.0,0.0,0.7,0.0,2006
443,443,958,Vitaly Potapenko,1610612758,SAC,32.0,1.3,2.0,0.667,0.5,2.5,0.2,0.0,0.0,0.0,0.0,1.3,0.0,1.0,3.0,0.333,1.0,1.5,0.667,,,,,,,,,,2006
444,444,2209,Vladimir Radmanovic,1610612747,LAL,26.0,6.7,10.7,0.625,1.5,3.4,0.442,0.9,2.6,0.346,1.7,5.2,0.335,1.9,4.8,0.4,1.1,3.4,0.313,0.0,1.0,0.0,0.0,0.8,0.0,0.1,0.5,0.167,2006
445,445,101144,Von Wafer,1610612746,LAC,21.0,1.0,3.0,0.333,,,,,,,,,,,,,1.0,1.0,1.0,,,,,,,0.0,0.0,0.0,2006
446,446,1887,Wally Szczerbiak,1610612738,BOS,30.0,10.7,18.0,0.592,1.8,4.7,0.393,1.4,3.6,0.395,4.0,9.0,0.444,3.0,7.8,0.38,1.2,3.1,0.38,0.0,1.0,0.0,0.0,0.0,0.0,0.0,0.7,0.0,2006
447,447,200835,Walter Herrmann,1610612766,CHA,28.0,7.1,12.3,0.581,1.5,3.3,0.447,0.7,2.2,0.33,2.3,5.8,0.392,2.1,5.4,0.399,1.0,3.2,0.323,0.0,0.4,0.0,0.0,0.4,0.0,0.0,0.6,0.0,2006
448,448,101134,Wayne Simien,1610612748,MIA,24.0,3.1,5.5,0.568,0.7,1.6,0.455,0.9,1.5,0.583,0.4,1.7,0.25,2.5,5.3,0.476,0.4,1.1,0.375,,,,,,,,,,2006
449,449,200807,Will Blalock,1610612765,DET,23.0,3.1,6.4,0.494,0.7,2.1,0.333,0.8,2.2,0.379,2.1,4.9,0.435,0.9,2.5,0.371,0.5,1.3,0.353,,,,,,,0.0,0.5,0.0,2006
450,450,101215,Will Conroy,1610612746,LAC,24.0,2.3,3.7,0.615,0.3,2.3,0.111,0.0,1.5,0.0,0.8,2.7,0.313,0.6,2.4,0.25,0.8,1.7,0.5,,,,,,,,,,2006
451,451,2584,Willie Green,1610612755,PHI,25.0,9.3,15.1,0.613,1.5,3.7,0.403,1.4,3.6,0.398,3.3,8.0,0.419,2.4,6.3,0.387,1.6,4.6,0.36,0.1,0.7,0.2,0.3,0.6,0.5,0.0,0.6,0.0,2006
452,452,200821,Yakhouba Diawara,1610612743,DEN,24.0,6.5,11.4,0.575,1.6,3.7,0.418,0.9,2.9,0.318,2.5,6.4,0.383,2.6,7.0,0.379,1.1,3.1,0.344,0.0,0.0,0.0,0.0,1.0,0.0,0.0,0.7,0.067,2006
453,453,2397,Yao Ming,1610612745,HOU,26.0,8.5,16.5,0.518,2.3,5.5,0.427,2.6,6.5,0.403,5.0,12.6,0.394,3.4,9.1,0.37,2.3,6.4,0.367,0.0,0.5,0.0,0.0,0.7,0.0,0.0,0.8,0.0,2006
454,454,101117,Yaroslav Korolev,1610612746,LAC,20.0,1.7,2.1,0.81,0.7,1.3,0.5,0.2,0.8,0.25,0.6,1.4,0.4,0.8,1.5,0.556,0.5,1.2,0.429,,,,,,,,,,2006
455,455,2216,Zach Randolph,1610612757,POR,25.0,13.3,22.1,0.601,2.1,5.2,0.401,1.7,4.2,0.398,4.0,9.3,0.427,4.6,12.0,0.384,1.4,3.8,0.362,0.0,0.5,0.0,0.0,0.3,0.0,0.0,0.2,0.0,2006
456,456,2585,Zaza Pachulia,1610612737,ATL,23.0,10.1,17.7,0.572,1.5,3.9,0.389,1.3,3.4,0.397,3.6,8.9,0.407,2.2,5.8,0.38,1.9,5.0,0.39,0.0,0.7,0.0,0.0,0.4,0.0,0.1,0.5,0.167,2006
457,457,980,Zydrunas Ilgauskas,1610612739,CLE,32.0,8.6,14.5,0.593,1.7,4.5,0.372,1.7,4.5,0.385,3.7,9.2,0.401,2.8,7.6,0.372,1.0,2.8,0.349,0.0,0.3,0.0,0.0,0.7,0.0,0.0,0.3,0.0,2006
